Regio's;Onderwerpen;Bevolking;Bevolking;Bevolking;Bevolking;Bevolking;Bevolking;Bevolking;Bevolking;Bevolking;Bevolking;Bevolking;Bevolking;Bevolking;Bevolking;Bevolking;Bevolking;Bevolking;Bevolking;Bevolking;Bevolking;Bevolking;Bevolking;Bevolking;Onderwijs;Onderwijs;Onderwijs;Onderwijs;Onderwijs;Onderwijs;Onderwijs;Onderwijs;Onderwijs;Onderwijs;Onderwijs;Onderwijs;Arbeid;Arbeid;Arbeid;Arbeid;Inkomen voorgaand jaar;Inkomen voorgaand jaar;Inkomen voorgaand jaar;Sociale zekerheid;Sociale zekerheid;Sociale zekerheid;Verkeer en vervoer;Verkeer en vervoer;Milieu en bodemgebruik;Milieu en bodemgebruik;Milieu en bodemgebruik;Milieu en bodemgebruik
;Onderwerpen;Bevolkingssamenstelling op 1 januari;Bevolkingssamenstelling op 1 januari;Bevolkingssamenstelling op 1 januari;Bevolkingssamenstelling op 1 januari;Bevolkingssamenstelling op 1 januari;Bevolkingssamenstelling op 1 januari;Bevolkingssamenstelling op 1 januari;Bevolkingssamenstelling op 1 januari;Bevolkingssamenstelling op 1 januari;Bevolkingssamenstelling op 1 januari;Bevolkingssamenstelling op 1 januari;Bevolkingssamenstelling op 1 januari;Bevolkingssamenstelling op 1 januari;Bevolkingssamenstelling op 1 januari;Bevolkingssamenstelling op 1 januari;Bevolkingssamenstelling op 1 januari;Bevolkingssamenstelling op 1 januari;Bevolkingssamenstelling op 1 januari;Bevolkingssamenstelling op 1 januari;Bevolkingssamenstelling op 1 januari;Bevolkingssamenstelling op 1 januari;Bevolkingsontwikkeling;Bevolkingsontwikkeling;Naar schoolgemeente;Naar schoolgemeente;Naar schoolgemeente;Naar woongemeente;Naar woongemeente;Naar woongemeente;Naar woongemeente;Naar woongemeente;Naar woongemeente;Naar woongemeente;Naar woongemeente;Naar woongemeente;Banen van werknemers, relatief;Banen van werknemers, relatief;Banen van werknemers, relatief;Banen van werknemers, relatief;Personen met 52 weken inkomen;Personen met 52 weken inkomen;Personen met 52 weken inkomen;Uitkeringsontvangers, totaal;Uitkeringsontvangers, totaal;Uitkeringsontvangers, totaal;Motorvoertuigen;Motorvoertuigen;Afval van huishoudens;Afval van huishoudens;Afval van huishoudens;Afval van huishoudens
;Onderwerpen;Totale bevolking;Geslacht;Geslacht;Leeftijd;Leeftijd;Leeftijd;Leeftijd;Leeftijd;Leeftijd;Leeftijd;Leeftijd;Leeftijd;Migratieachtergrond;Migratieachtergrond;Migratieachtergrond;Migratieachtergrond;Migratieachtergrond;Migratieachtergrond;Migratieachtergrond;Migratieachtergrond;Migratieachtergrond;Geboorte en sterfte;Geboorte en sterfte;Leerlingen;Leerlingen;Leerlingen;Leerlingen/studenten;Leerlingen/studenten;Leerlingen/studenten;Leerlingen/studenten;Leerlingen/studenten;Gediplomeerden;Gediplomeerden;Gediplomeerden;Gediplomeerden;A Landbouw, bosbouw en visserij;B-F Nijverheid en energie;G-N Commerciële dienstverlening;O-U Niet-commerciële dienstverlening;Totaal personen;Geslacht;Geslacht;Uitkeringsontvangers, totaal;Tot de AOW- leeftijd;Vanaf de AOW- leeftijd;Personenauto's, relatief;Voertuigen met bromfietskenteken (%);Totaal huishoudelijk afval;Huishoudelijk restafval;Grof huishoudelijk restafval;Gft-afval
;Onderwerpen;Totale bevolking;Mannen;Vrouwen;Leeftijdsgroepen, relatief;Leeftijdsgroepen, relatief;Leeftijdsgroepen, relatief;Leeftijdsgroepen, relatief;Leeftijdsgroepen, relatief;Leeftijdsgroepen, relatief;Leeftijdsgroepen, relatief;Leeftijdsgroepen, relatief;Leeftijdsgroepen, relatief;Migratieachtergrond, relatief;Migratieachtergrond, relatief;Migratieachtergrond, relatief;Migratieachtergrond, relatief;Migratieachtergrond, relatief;Migratieachtergrond, relatief;Migratieachtergrond, relatief;Migratieachtergrond, relatief;Migratieachtergrond, relatief;Geboorte, relatief;Sterfte, relatief;Basisonderwijs;Speciaal basisonderwijs;Speciale scholen;Voortgezet onderwijs;Beroepsopleidende leerweg;Beroepsbegeleidende leerweg;Hoger beroepsonderwijs;Wetenschappelijk onderwijs;Voortgezet onderwijs;Middelbaar beroepsonderwijs;Hoger beroepsonderwijs bachelor;Wo master/doctoraal;A Landbouw, bosbouw en visserij;B-F Nijverheid en energie;G-N Commerciële dienstverlening;O-U Niet-commerciële dienstverlening;Totaal personen;Mannen;Vrouwen;Uitkeringsontvangers, totaal;Tot de AOW- leeftijd;Vanaf de AOW- leeftijd;Personenauto's, relatief;Voertuigen met bromfietskenteken (%);Totaal huishoudelijk afval;Huishoudelijk restafval;Grof huishoudelijk restafval;Gft-afval
;Onderwerpen;Totale bevolking;Mannen;Vrouwen;Jonger dan 5 jaar;5 tot 10 jaar;10 tot 15 jaar;15 tot 20 jaar;20 tot 25 jaar;25 tot 45 jaar;45 tot 65 jaar;65 tot 80 jaar;80 jaar of ouder;Nederlandse achtergrond;Met migratieachtergrond;Met migratieachtergrond;Met migratieachtergrond;Met migratieachtergrond;Met migratieachtergrond;Met migratieachtergrond;Met migratieachtergrond;Met migratieachtergrond;Geboorte, relatief;Sterfte, relatief;Basisonderwijs;Speciaal basisonderwijs;Speciale scholen;Voortgezet onderwijs;Beroepsopleidende leerweg;Beroepsbegeleidende leerweg;Hoger beroepsonderwijs;Wetenschappelijk onderwijs;Voortgezet onderwijs;Middelbaar beroepsonderwijs;Hoger beroepsonderwijs bachelor;Wo master/doctoraal;A Landbouw, bosbouw en visserij;B-F Nijverheid en energie;G-N Commerciële dienstverlening;O-U Niet-commerciële dienstverlening;Totaal personen;Mannen;Vrouwen;Uitkeringsontvangers, totaal;Tot de AOW- leeftijd;Vanaf de AOW- leeftijd;Personenauto's, relatief;Voertuigen met bromfietskenteken (%);Totaal huishoudelijk afval;Huishoudelijk restafval;Grof huishoudelijk restafval;Gft-afval
;Onderwerpen;Totale bevolking;Mannen;Vrouwen;Jonger dan 5 jaar;5 tot 10 jaar;10 tot 15 jaar;15 tot 20 jaar;20 tot 25 jaar;25 tot 45 jaar;45 tot 65 jaar;65 tot 80 jaar;80 jaar of ouder;Nederlandse achtergrond;Totaal met migratieachtergrond;Westerse migratieachtergrond;Niet-westerse migratieachtergrond;Niet-westerse migratieachtergrond;Niet-westerse migratieachtergrond;Niet-westerse migratieachtergrond;Niet-westerse migratieachtergrond;Niet-westerse migratieachtergrond;Geboorte, relatief;Sterfte, relatief;Basisonderwijs;Speciaal basisonderwijs;Speciale scholen;Voortgezet onderwijs;Beroepsopleidende leerweg;Beroepsbegeleidende leerweg;Hoger beroepsonderwijs;Wetenschappelijk onderwijs;Voortgezet onderwijs;Middelbaar beroepsonderwijs;Hoger beroepsonderwijs bachelor;Wo master/doctoraal;A Landbouw, bosbouw en visserij;B-F Nijverheid en energie;G-N Commerciële dienstverlening;O-U Niet-commerciële dienstverlening;Totaal personen;Mannen;Vrouwen;Uitkeringsontvangers, totaal;Tot de AOW- leeftijd;Vanaf de AOW- leeftijd;Personenauto's, relatief;Voertuigen met bromfietskenteken (%);Totaal huishoudelijk afval;Huishoudelijk restafval;Grof huishoudelijk restafval;Gft-afval
;Onderwerpen;Totale bevolking;Mannen;Vrouwen;Jonger dan 5 jaar;5 tot 10 jaar;10 tot 15 jaar;15 tot 20 jaar;20 tot 25 jaar;25 tot 45 jaar;45 tot 65 jaar;65 tot 80 jaar;80 jaar of ouder;Nederlandse achtergrond;Totaal met migratieachtergrond;Westerse migratieachtergrond;Totaal niet-westerse migratieachtergrond;Marokko;(voormalige) Nederlandse Antillen, Aruba;Suriname;Turkije;Overig niet-westerse migratieachtergrond;Geboorte, relatief;Sterfte, relatief;Basisonderwijs;Speciaal basisonderwijs;Speciale scholen;Voortgezet onderwijs;Beroepsopleidende leerweg;Beroepsbegeleidende leerweg;Hoger beroepsonderwijs;Wetenschappelijk onderwijs;Voortgezet onderwijs;Middelbaar beroepsonderwijs;Hoger beroepsonderwijs bachelor;Wo master/doctoraal;A Landbouw, bosbouw en visserij;B-F Nijverheid en energie;G-N Commerciële dienstverlening;O-U Niet-commerciële dienstverlening;Totaal personen;Mannen;Vrouwen;Uitkeringsontvangers, totaal;Tot de AOW- leeftijd;Vanaf de AOW- leeftijd;Personenauto's, relatief;Voertuigen met bromfietskenteken (%);Totaal huishoudelijk afval;Huishoudelijk restafval;Grof huishoudelijk restafval;Gft-afval
;Perioden;aantal;aantal;aantal;%;%;%;%;%;%;%;%;%;%;%;%;%;%;%;%;%;%;per 1 000 inwoners;per 1 000 inwoners;aantal;aantal;aantal;aantal;aantal;aantal;aantal;aantal;aantal;aantal;aantal;aantal;%;%;%;%;1 000 euro;1 000 euro;1 000 euro;aantal;aantal;aantal;per 1 000 inwoners;per 1 000 inwoners;1 000 kg;1 000 kg;1 000 kg;1 000 kg
Nederland;2006;16334210;8077407;8256803;6;6.1;6.1;6.1;5.9;29;26.5;10.7;3.6;80.7;19.3;8.7;10.5;2;0.8;2;2.2;3.5;11.3;8.3;1548969;46310;61920;915245;355408;140819;366689;208618;171358;148753;60036;30731; ; ; ; ;26.6;33.7;18.6; ; ; ;434; ;9166000;3961000;716000;1296000
Nederland;2007;16357992;8088514;8269478;5.9;6.1;6;6.1;5.9;28.5;26.9;10.8;3.7;80.6;19.4;8.8;10.6;2;0.8;2;2.3;3.5;11.1;8.1;1552548;44932;64658;941136;349619;160023;374802;212713;173150;156116;60057;28361; ; ; ; ;27.4;34.8;19.2;1354050;1303410;39600;442;44;9301000;3964000;683000;1315000
Nederland;2008;16405399;8112073;8293326;5.8;6.2;6;6.1;6;28;27.3;11;3.8;80.4;19.6;8.8;10.8;2;0.8;2;2.3;3.6;11.2;8.2;1553332;44055;66264;934560;342394;171531;383713;220504;171217;161752;61703;28773;1;16;51;32;28.6;36.4;20.1;1321200;1267850;42730;451;48;9211000;3947000;686000;1289000
Nederland;2009;16485787;8156396;8329391;5.7;6.1;5.9;6.1;6;27.5;27.6;11.2;3.8;80.1;19.9;9;11;2.1;0.8;2.1;2.3;3.7;11.2;8.1;1548419;43325;67653;934943;351392;170882;403278;233128;168389;200375;62204;30262;1;16;50;33;29.6;37.6;21;1456400;1399750;45330;458;53;9059000;3878000;640000;1302000
Nederland;2010;16574989;8203476;8371513;5.6;6.1;5.9;6.1;6.1;27;27.9;11.4;3.9;79.7;20.3;9.1;11.2;2.1;0.8;2.1;2.3;3.9;11.1;8.2;1534929;42821;68863;939534;357758;170251;416629;242345;166647;175553;61633;33178;1;15;49;34;30.1;37.9;21.7;1482350;1426730;45580;460;58;8860000;3751000;615000;1255000
Nederland;2011;16655799;8243482;8412317;5.5;5.9;6;6;6.2;26.6;28.1;11.6;4;79.4;20.6;9.2;11.4;2.1;0.8;2.1;2.3;4;10.8;8.1;1517497;41768;70154;948673;357687;162275;423945;245428;165473;179189;65089;37735;1;15;50;34;30.4;38.2;22.1;1498070;1439870;48300;464;62;8915000;3734000;600000;1297000
Nederland;2012;16730348;8282871;8447477;5.5;5.8;6;6;6.3;26.2;28;12.1;4.1;79.1;20.9;9.3;11.6;2.2;0.9;2.1;2.3;4.1;10.5;8.4;1498008;39926;70416;960682;360202;150655;421693;241372;169302;182430;59563;33180;1;15;50;34;30.9;38.7;22.6;1577460;1519880;47550;470;63;8656000;3663000;536000;1303000
Nederland;2013;16779575;8307339;8472236;5.4;5.7;6.1;5.9;6.3;25.8;28;12.6;4.2;78.9;21.1;9.4;11.7;2.2;0.9;2.1;2.4;4.2;10.2;8.4;1476722;38133;71230;973514;370595;127513;440293;250186;172708;178176;60913;34589;1;15;50;34;31.2;39;22.9;4834190;1611650;3222150;472;65;8299000;3523000;473000;1252000
Nederland;2014;16829289;8334385;8494904;5.3;5.6;6;5.9;6.3;25.5;28;13.1;4.3;78.6;21.4;9.5;11.9;2.2;0.9;2.1;2.4;4.3;10.4;8.3;1457550;36845;70980;985069;378021;103384;446434;255661;178907;167790;64104;36573;1;14;51;33;31.7;39.6;23.4;4935170;1632040;3302920;471;65;8385000;3469000;465000;1346000
Nederland;2015;16900726;8372858;8527868;5.3;5.5;6;5.9;6.3;25.1;28.1;13.4;4.3;78.3;21.7;9.6;12.1;2.3;0.9;2.1;2.3;4.5;10.1;8.7;1443126;34727;68196;995336;378491;97784;442594;261169;183512;154373;65446;37206;1;14;52;33;32.3;40.3;23.9;4995390;1622470;3372840;472;67;8372000;3381000;454000;1346000
Groningen (PV);2006;574042;285089;288953;5.5;5.6;5.6;6.2;7.8;28.4;26.3;10.7;4.1;87.7;12.3;6.8;5.5;0.3;0.8;1.1;0.8;2.6;10.2;9.2;49881;1423;2477;28887;14454;4803;18007;18831;5162;5497;2924;2611; ; ; ; ;23.9;29.4;17.6; ; ; ;409; ;342000;142000;23000;52000
Groningen (PV);2007;573614;284791;288823;5.3;5.6;5.5;6.3;7.9;27.9;26.7;10.8;4.1;87.7;12.3;6.8;5.4;0.3;0.8;1.1;0.8;2.6;9.9;8.8;49863;1426;2467;30362;14005;5496;18443;19066;5376;5785;3004;2053; ; ; ; ;24.5;30.2;18.1;56220;55490;720;416;41;344000;141000;23000;51000
Groningen (PV);2008;573459;284678;288781;5.1;5.6;5.5;6.3;8;27.3;27;11;4.2;87.6;12.4;6.8;5.5;0.3;0.8;1.1;0.8;2.6;10.3;9.2;49683;1368;2414;29952;13625;6180;19270;19907;5167;6023;3108;1996;1;17;44;38;25.5;31.4;18.9;54960;54170;790;424;44;331000;137000;23000;49000
Groningen (PV);2009;574092;284981;289111;5;5.5;5.5;6.3;8.2;26.7;27.3;11.2;4.2;87.4;12.6;7;5.6;0.3;0.8;1.1;0.8;2.7;10.3;9.1;49030;1365;2418;29981;14150;5772;20085;21223;5280;7670;3256;1994;1;17;43;40;26.6;32.7;19.8;59610;58800;820;431;48;326000;134000;22000;49000
Groningen (PV);2010;576668;286495;290173;5;5.4;5.5;6.3;8.4;26.2;27.5;11.5;4.2;87.1;12.9;7.1;5.8;0.3;0.8;1.1;0.8;2.8;9.9;9.2;48156;1394;2381;30114;14295;5665;20517;21739;5165;6459;3180;2118;1;17;42;41;27.1;33.1;20.6;60540;59750;790;436;52;319000;132000;20000;47000
Groningen (PV);2011;579036;287924;291112;5;5.3;5.5;6.3;8.6;25.8;27.6;11.7;4.3;86.8;13.2;7.2;6;0.3;0.9;1.1;0.8;2.9;10.1;9.1;47267;1375;2341;30147;14358;5151;20764;22024;5113;6346;3337;2321;1;16;42;41;27.5;33.4;21;61110;60290;830;440;55;323000;130000;21000;53000
Groningen (PV);2012;580875;288754;292121;4.9;5.1;5.5;6.2;8.8;25.5;27.4;12.3;4.3;86.5;13.5;7.4;6.1;0.3;0.9;1.1;0.8;3;9.6;9.4;46311;1369;2331;30338;14751;4652;20988;21983;5140;6332;2998;2154;1;17;42;41;27.9;33.9;21.4;64030;63210;820;445;56;315000;131000;18000;53000
Groningen (PV);2013;581705;289275;292430;4.9;5;5.5;6.2;8.8;25.2;27.2;12.8;4.3;86.3;13.7;7.6;6.2;0.3;0.9;1.1;0.8;3.1;9.1;9.3;45484;1363;2297;30823;15057;4190;21892;21811;5243;6478;3052;2149;1;16;42;42;28.1;34;21.7;166880;64960;101910;446;57;298000;123000;16000;48000
Groningen (PV);2014;582728;289820;292908;4.8;4.9;5.5;6.3;8.9;24.8;27.1;13.2;4.4;86;14;7.7;6.4;0.3;0.9;1.1;0.8;3.3;9.3;9.1;44837;1352;2252;31147;15254;3396;22247;22128;5543;6368;3183;2183;1;15;42;42;28.6;34.6;22.2;170260;66280;103980;444;57;290000;121000;14000;50000
Groningen (PV);2015;583942;290840;293102;4.7;4.9;5.4;6.3;9;24.5;27.2;13.6;4.5;85.7;14.3;7.7;6.7;0.3;0.9;1.1;0.8;3.6;9.1;9.4;44219;1246;2165;31474;15495;3293;22347;21226;5660;5886;3211;2132;1;14;45;40;29.1;35;22.7;171360;65820;105540;445;58;287000;114000;15000;50000
Friesland (PV);2006;642230;320611;321619;6.1;6.3;6.3;6.3;5.8;27.2;26.8;11.2;3.9;91.8;8.2;4.7;3.5;0.3;0.3;0.4;0.2;2.1;11.3;9.2;62815;2050;2377;36770;18764;4763;16511;1862;7094;6957;2523;282; ; ; ; ;23.5;29.6;16.5; ; ; ;417; ;415000;139000;25000;72000
Friesland (PV);2007;642209;320383;321826;6;6.4;6.3;6.3;5.8;26.7;27.3;11.4;4;91.9;8.1;4.7;3.4;0.3;0.3;0.4;0.3;2.1;11;8.5;63309;2008;2422;37975;17922;5463;16779;1974;7247;7190;2529;217; ; ; ; ;24.3;30.7;17;51150;50550;600;428;41;432000;144000;26000;75000
Friesland (PV);2008;643189;321102;322087;5.8;6.4;6.2;6.2;5.7;26.3;27.6;11.6;4;91.8;8.2;4.7;3.5;0.3;0.3;0.5;0.3;2.1;10.9;8.7;63290;2030;2408;37929;17412;6021;17244;2107;7007;7352;2430;225;1;19;44;36;25.2;31.9;17.6;49750;49150;600;438;44;423000;143000;23000;74000
Friesland (PV);2009;644811;322015;322796;5.7;6.4;6.2;6.3;5.7;25.8;27.9;11.9;4.1;91.7;8.3;4.8;3.5;0.3;0.3;0.5;0.3;2.2;11;8.7;62782;2058;2409;38214;17975;5754;17927;2205;7166;9536;2430;207;1;19;42;38;26.2;33.1;18.5;55280;54630;650;447;47;418000;142000;22000;77000
Friesland (PV);2010;646305;322911;323394;5.6;6.3;6.2;6.3;5.7;25.3;28.1;12.3;4.2;91.5;8.5;4.8;3.6;0.3;0.3;0.5;0.3;2.2;10.8;8.6;62184;2038;2366;38065;18630;5784;18432;2251;7105;7902;2360;286;1;18;42;39;26.5;33.1;19.1;56140;55540;600;454;50;409000;137000;21000;77000
Friesland (PV);2011;647282;323439;323843;5.5;6.2;6.3;6.2;5.8;24.8;28.3;12.6;4.3;91.4;8.6;4.9;3.7;0.3;0.3;0.5;0.3;2.2;10.3;8.7;61155;2009;2305;38428;18673;4996;18629;2241;6948;8001;2506;319;1;18;43;39;26.7;33.3;19.5;58070;57440;640;462;54;411000;136000;19000;82000
Friesland (PV);2012;647214;323495;323719;5.4;6;6.4;6.2;5.8;24.3;28.2;13.3;4.4;91.3;8.7;5;3.7;0.3;0.4;0.5;0.3;2.3;10;9.1;59941;1890;2314;38860;18548;5213;18477;2071;7120;8397;2189;341;1;17;43;39;27.2;33.8;19.9;62220;61600;620;470;56;402000;132000;18000;81000
Friesland (PV);2013;646862;323442;323420;5.3;5.9;6.4;6.1;5.7;23.9;28.2;13.9;4.5;91.3;8.7;5;3.8;0.3;0.4;0.5;0.3;2.3;9.7;9.2;58794;1811;2312;39279;18833;4717;19246;2040;7134;8257;2123;272;1;17;43;39;27.3;33.9;20.2;185530;63850;121680;473;57;385000;129000;17000;77000
Friesland (PV);2014;646317;323242;323075;5.2;5.7;6.4;6.2;5.7;23.4;28.3;14.4;4.6;91.2;8.8;5;3.9;0.3;0.4;0.5;0.3;2.4;9.8;8.9;57696;1821;2368;39597;19237;3946;19445;1966;7482;8178;2213;297;1;17;43;39;27.7;34.3;20.6;188740;64150;124590;474;58;388000;129000;17000;83000
Friesland (PV);2015;646257;323398;322859;5.1;5.7;6.4;6.2;5.7;22.9;28.5;14.8;4.7;91;9;5;4;0.3;0.4;0.5;0.3;2.5;9.3;9.4;56539;1728;2264;40042;19304;3901;19033;2074;7765;7296;2222;233;1;17;44;38;28.4;35.1;21.2;189980;63130;126840;477;59;390000;128000;17000;80000
Drenthe (PV);2006;484481;239540;244941;5.9;6.3;6.2;5.9;4.7;26.4;28.3;12.3;4.1;91.5;8.5;5.5;3;0.3;0.2;0.4;0.3;1.8;10.3;9;47848;1140;1016;27275;12295;4458;7618;1449;5412;4841;1115;235; ; ; ; ;24.3;30.9;16.8; ; ; ;456; ;304000;116000;21000;66000
Drenthe (PV);2007;486197;240416;245781;5.7;6.4;6.2;5.9;4.7;25.9;28.7;12.4;4.2;91.4;8.6;5.5;3;0.3;0.2;0.4;0.4;1.8;10;9;48223;1103;1119;28253;12050;5084;7708;1380;5335;5375;1105;141; ; ; ; ;25;31.9;17.3;42400;42000;400;464;36;305000;114000;18000;66000
Drenthe (PV);2008;488135;241209;246926;5.5;6.4;6.2;5.9;4.7;25.3;29.1;12.6;4.3;91.4;8.6;5.6;3;0.3;0.2;0.4;0.3;1.8;10;9.2;47976;1201;1122;28435;11664;5449;7988;1453;5123;5466;1154;122;1;20;42;37;26;33.1;18.1;42050;41600;450;474;39;306000;116000;17000;66000
Drenthe (PV);2009;489918;242071;247847;5.4;6.3;6.2;5.8;4.7;24.8;29.4;12.9;4.4;91.3;8.7;5.6;3.1;0.3;0.2;0.4;0.3;1.9;10.2;9.2;48091;1198;1143;28781;11959;5239;8330;1454;5203;6687;1169;124;1;19;41;39;26.9;34.3;18.9;46690;46220;470;484;42;300000;115000;15000;66000
Drenthe (PV);2010;490981;242778;248203;5.3;6.2;6.3;5.9;4.7;24.2;29.6;13.2;4.6;91.1;8.9;5.6;3.2;0.3;0.3;0.4;0.4;2;9.7;9.4;47534;1229;1096;29129;12226;5357;8591;1580;5176;5821;1159;175;1;18;41;40;27.5;34.8;19.5;47470;47040;430;489;46;299000;113000;14000;65000
Drenthe (PV);2011;491411;243084;248327;5.2;6.1;6.4;5.8;4.7;23.7;30;13.5;4.7;91;9;5.6;3.3;0.3;0.2;0.4;0.4;2;9.4;9.5;46344;1252;1115;29785;12006;5188;8473;1597;5356;5853;1230;192;.;.;42;.;27.7;35.1;19.9;47190;46730;450;499;49;298000;116000;11000;70000
Drenthe (PV);2012;490807;243134;247673;5.1;5.9;6.4;5.9;4.6;23.2;29.9;14.2;4.8;91;9;5.6;3.4;0.3;0.3;0.4;0.4;2;9;9.9;45383;1183;1089;30253;12110;5050;8333;1524;5379;6045;1023;173;1;.;42;.;28.2;35.6;20.2;49860;49390;470;508;51;288000;114000;9000;68000
Drenthe (PV);2013;489918;242757;247161;5;5.7;6.5;5.9;4.6;22.8;29.8;14.8;4.9;90.9;9.1;5.6;3.4;0.3;0.3;0.4;0.4;2.1;8.5;9.8;44337;1126;1133;30665;12409;4311;8637;1501;5604;5681;1124;211;1;.;42;.;28.4;35.8;20.6;149560;50320;99240;509;52;280000;110000;8000;67000
Drenthe (PV);2014;488988;242230;246758;4.8;5.6;6.5;5.9;4.6;22.3;29.9;15.4;5;90.8;9.2;5.7;3.5;0.3;0.3;0.4;0.4;2.2;8.8;9.4;43061;1080;1184;31021;12838;3510;8589;1494;6033;5517;1132;168;1;.;43;.;28.8;36.3;21;152510;50910;101600;511;54;281000;107000;8000;70000
Drenthe (PV);2015;488576;242262;246314;4.7;5.5;6.4;6;4.6;21.8;30.1;15.8;5.2;90.7;9.3;5.7;3.6;0.3;0.3;0.4;0.4;2.3;8.2;10.2;42298;997;1088;30907;13078;3263;8466;1581;5942;5063;1048;207;1;.;44;.;29.4;36.9;21.6;153820;50280;103540;513;56;283000;104000;9000;70000
Overijssel (PV);2006;1113529;556103;557426;6.5;6.5;6.3;6.3;6.2;28.5;25.4;10.8;3.5;86.2;13.8;6.9;6.9;0.4;0.4;0.5;3.1;2.6;12.3;8.4;112057;3619;5154;64004;28112;10746;27683;9324;12564;12410;4632;1192; ; ; ; ;24.2;30.7;16.7; ; ; ;428; ;582000;253000;40000;92000
Overijssel (PV);2007;1116374;557539;558835;6.4;6.5;6.3;6.3;6.1;28.1;25.8;10.9;3.5;86.1;13.9;6.9;6.9;0.4;0.4;0.5;3.1;2.6;12;8;113109;3576;5526;65991;27595;12050;27781;9361;12562;12539;4464;1109; ; ; ; ;24.8;31.5;17.1;91790;89540;2250;435;43;594000;260000;40000;94000
Overijssel (PV);2008;1119994;559411;560583;6.3;6.6;6.3;6.3;6.1;27.6;26.2;11.1;3.6;86.1;13.9;6.9;7;0.4;0.4;0.5;3.1;2.6;11.9;8.1;113847;3530;5802;65586;26736;13023;28521;9777;12429;13269;4757;1111;1;22;47;31;25.8;33;17.8;89910;87470;2430;445;47;591000;258000;40000;93000
Overijssel (PV);2009;1125435;562419;563016;6.1;6.6;6.2;6.3;6.1;27.1;26.4;11.3;3.7;85.9;14.1;7;7.1;0.4;0.4;0.5;3.1;2.8;11.8;8.2;113977;3612;6136;65581;27780;12483;29446;10173;12240;16518;4673;1166;1;21;45;33;26.8;34.1;18.6;100210;97640;2570;453;51;574000;251000;34000;96000
Overijssel (PV);2010;1130345;564960;565385;6;6.6;6.3;6.3;6.2;26.7;26.7;11.5;3.8;85.8;14.2;7;7.2;0.4;0.4;0.5;3.1;2.9;11.6;8.2;113175;3703;6435;65879;28409;12325;30259;10356;12014;13763;4570;1170;1;21;44;34;27.2;34.5;19.3;101020;98490;2530;457;54;561000;239000;34000;91000
Overijssel (PV);2011;1134465;566903;567562;5.9;6.4;6.4;6.2;6.2;26.2;27;11.6;4;85.7;14.3;7;7.3;0.4;0.4;0.5;3.1;2.9;11.1;8.1;112239;3595;6627;66879;28170;12497;30633;10645;11836;14776;4786;1307;1;20;45;34;27.6;34.8;19.7;101420;98760;2660;463;57;565000;238000;33000;95000
Overijssel (PV);2012;1137668;568764;568904;5.8;6.3;6.5;6.1;6.2;25.9;27;12.1;4.1;85.6;14.4;7;7.4;0.4;0.4;0.5;3.1;3;10.9;8.3;110772;3472;6830;67941;28524;11630;30435;10366;12344;15068;4301;1197;1;20;44;35;28;35.3;20.1;108440;105780;2660;470;59;546000;224000;26000;99000
Overijssel (PV);2013;1139350;569690;569660;5.7;6.2;6.5;6.1;6.2;25.5;27;12.6;4.2;85.6;14.4;7;7.4;0.4;0.4;0.5;3.1;3.1;10.7;8.6;108912;3301;6673;69193;29537;10108;31547;10250;12605;14733;4523;1269;1;20;44;36;28.3;35.6;20.4;307420;111400;196020;472;60;527000;208000;22000;102000
Overijssel (PV);2014;1139697;570214;569483;5.6;6.1;6.6;6.1;6.2;25;27.2;13;4.3;85.5;14.5;7;7.5;0.4;0.4;0.5;3.1;3.1;10.6;8.4;107151;3182;6480;70151;30302;8581;31316;9982;13228;13809;4718;1307;1;19;45;35;28.7;36;20.9;312210;112150;200060;470;60;539000;196000;20000;116000
Overijssel (PV);2015;1140652;570894;569758;5.5;6;6.5;6.2;6.1;24.6;27.4;13.4;4.4;85.4;14.6;7;7.6;0.4;0.4;0.5;3;3.3;10.3;8.7;104829;2963;5972;71580;30445;8115;31310;9983;13611;12684;4589;1293;1;19;46;34;29.2;36.6;21.3;315260;111470;203790;473;62;544000;185000;21000;119000
Flevoland (PV);2006;370656;185120;185536;7.6;7.6;7.5;7.1;6.3;31.3;23.9;6.7;2.1;74.7;25.3;8.1;17.2;2.4;1.7;6.3;1.5;5.4;13.9;5.4;43704;1431;1087;24467;11360;3271;7779;1843;4613;4220;1272;250; ; ; ; ;26.6;33.6;18.8; ; ; ;679; ;207000;89000;14000;29000
Flevoland (PV);2007;374424;186980;187444;7.4;7.6;7.3;7.1;6.2;30.6;24.7;6.8;2.1;74.4;25.6;8.1;17.5;2.5;1.7;6.4;1.5;5.4;13.9;5.2;44089;1389;1111;25592;11163;3905;8065;1924;4761;4478;1308;189; ; ; ; ;27.4;34.7;19.3;30380;29480;900;716;34;210000;92000;15000;27000
Flevoland (PV);2008;378688;189171;189517;7.2;7.6;7.2;7.1;6.3;30;25.4;6.9;2.2;74.1;25.9;8.1;17.8;2.5;1.7;6.5;1.5;5.6;13.4;5.2;44089;1396;1257;25701;10879;4257;8282;2116;4588;4726;1232;212;2;14;56;29;28.8;36.6;20.3;30110;29170;950;751;39;210000;90000;15000;25000
Flevoland (PV);2009;383449;191912;191537;7;7.5;7.2;7.1;6.3;29.5;26;7.1;2.2;73.6;26.4;8.2;18.2;2.6;1.8;6.5;1.5;5.9;13.7;5.3;44083;1323;1375;25679;11134;4402;8798;2317;4644;5868;1224;238;2;13;55;30;29.8;37.7;21.2;34470;33450;1030;783;43;211000;91000;13000;27000
Flevoland (PV);2010;387881;194185;193696;6.9;7.4;7.1;7.1;6.3;29;26.6;7.3;2.3;73.1;26.9;8.2;18.7;2.6;1.8;6.6;1.5;6.1;13.6;5.4;43646;1355;1693;25928;11390;4296;9109;2300;4598;5013;1198;231;2;13;50;35;30.1;37.8;21.9;36140;35100;1040;777;48;198000;83000;10000;26000
Flevoland (PV);2011;391967;196064;195903;6.8;7.3;7.2;7;6.3;28.5;27.1;7.5;2.3;72.7;27.3;8.3;19;2.6;1.8;6.7;1.5;6.4;12.9;5.5;43396;1327;1884;26081;11551;4001;9281;2355;4450;5560;1259;299;2;12;51;35;30.5;38.1;22.3;37360;36260;1100;779;51;207000;84000;10000;27000
Flevoland (PV);2012;395525;197783;197742;6.7;7.1;7.2;6.8;6.4;28;27.3;8.1;2.4;72.3;27.7;8.5;19.3;2.7;1.8;6.7;1.6;6.5;12.6;5.6;43010;1296;1964;26383;11570;3640;9158;2196;4595;5512;1129;245;2;12;52;35;30.9;38.6;22.8;39650;38520;1130;801;52;205000;84000;11000;28000
Flevoland (PV);2013;398441;199314;199127;6.6;6.9;7.3;6.8;6.3;27.7;27.5;8.5;2.4;71.8;28.2;8.6;19.6;2.7;1.8;6.8;1.6;6.7;11.7;5.6;42397;1213;2035;26868;11866;3156;9599;2163;4827;5212;1126;239;2;12;54;32;31;38.6;23;86500;41070;45430;816;54;196000;81000;8000;27000
Flevoland (PV);2014;399893;199950;199943;6.4;6.8;7.2;6.8;6.3;27.2;27.8;9;2.5;71.5;28.5;8.7;19.8;2.7;1.8;6.8;1.6;6.8;12.3;5.3;41898;1159;1983;27218;12532;2436;9793;2156;4831;4824;1252;233;2;12;55;32;31.5;39.2;23.4;88510;41230;47280;804;56;199000;80000;8000;29000
Flevoland (PV);2015;401791;200949;200842;6.3;6.7;7.1;6.7;6.3;26.7;28.1;9.4;2.5;71.1;28.9;8.9;20;2.8;1.8;6.8;1.6;7;11.8;5.6;41463;1100;1944;27730;12329;2330;9830;2188;4945;4572;1210;273;2;12;55;31;32.2;40;23.9;89710;40740;48970;805;58;202000;77000;8000;30000
Gelderland (PV);2006;1975704;974987;1000717;6.1;6.3;6.3;6.2;5.7;28.2;26.7;10.9;3.5;86.3;13.7;7.5;6.2;1;0.4;0.6;1.9;2.4;11.2;8.3;194791;5874;9375;114889;43656;17949;40126;21777;21753;18702;6603;3362; ; ; ; ;25.8;32.9;17.7; ; ; ;442; ;1046000;414000;58000;203000
Gelderland (PV);2007;1979059;976475;1002584;6;6.4;6.3;6.3;5.7;27.6;27.2;11;3.6;86.3;13.7;7.5;6.2;1;0.4;0.6;1.9;2.4;10.7;8.1;195353;5757;9780;118113;42812;20404;40900;21838;21859;19386;6557;3054; ; ; ; ;26.5;34;18.2;147690;144390;3300;450;47;1065000;417000;54000;206000
Gelderland (PV);2008;1983869;978683;1005186;5.8;6.4;6.2;6.3;5.8;27;27.6;11.2;3.7;86.1;13.9;7.5;6.3;1;0.4;0.6;1.9;2.4;10.9;8.2;195741;5662;9899;117761;41926;22233;42244;22863;21607;20074;6501;3081;1;18;46;34;27.7;35.6;19.1;144370;140880;3490;447;50;1054000;412000;56000;201000
Gelderland (PV);2009;1991062;982641;1008421;5.6;6.4;6.2;6.3;5.8;26.4;28;11.5;3.8;86;14;7.6;6.4;1;0.4;0.6;1.9;2.5;10.7;8.2;194532;5649;10166;118225;42780;21823;44346;24194;21569;25118;6767;3344;1;17;46;36;28.7;36.7;19.9;159390;155730;3660;453;55;1032000;402000;49000;210000
Gelderland (PV);2010;1998936;986919;1012017;5.5;6.3;6.2;6.4;5.9;25.8;28.3;11.7;3.9;85.8;14.2;7.6;6.6;1;0.4;0.6;2;2.6;10.6;8.4;192223;5649;10601;118384;43682;21705;45770;25329;21443;22085;6933;3407;1;17;46;36;29.1;37;20.6;162070;158510;3560;458;59;1010000;385000;48000;202000
Gelderland (PV);2011;2004671;989383;1015288;5.4;6.1;6.3;6.3;6;25.3;28.6;11.9;4;85.8;14.2;7.6;6.6;1;0.4;0.6;2;2.6;10.2;8.3;188833;5566;10753;119587;43682;20866;46718;25806;21044;21960;7232;3870;1;16;46;36;29.4;37.3;21;163780;159950;3840;463;62;1019000;382000;48000;211000
Gelderland (PV);2012;2010745;992668;1018077;5.3;6;6.4;6.2;6;24.8;28.5;12.5;4.2;85.6;14.4;7.7;6.7;1;0.4;0.6;2;2.7;9.9;8.6;185124;5373;10935;121517;43780;19819;46721;25801;21924;23206;6632;3540;1;16;46;36;29.8;37.7;21.4;175090;171330;3760;469;64;992000;375000;44000;209000
Gelderland (PV);2013;2015791;995180;1020611;5.3;5.8;6.4;6.2;6.1;24.4;28.5;13.1;4.3;85.5;14.5;7.7;6.8;1;0.4;0.6;2;2.8;9.8;8.6;181207;5137;10848;123325;45048;16405;49165;26589;22350;22291;6990;3565;1;16;46;37;30.1;38;21.7;541260;182040;359230;472;65;954000;353000;39000;203000
Gelderland (PV);2014;2019692;997850;1021842;5.1;5.7;6.4;6.2;6.2;23.9;28.6;13.6;4.3;85.5;14.5;7.7;6.9;1.1;0.5;0.6;2;2.8;9.8;8.4;177448;4984;10866;124929;45979;13607;49668;27298;22895;20867;7154;3781;1;16;47;36;30.5;38.5;22.1;553350;184500;368850;473;65;962000;328000;37000;230000
Gelderland (PV);2015;2026578;1001922;1024656;5.1;5.5;6.3;6.2;6.2;23.5;28.8;14;4.5;85.3;14.7;7.7;7;1.1;0.5;0.6;2;2.9;9.6;8.8;174490;4510;10247;126383;46272;13219;49432;28000;23466;19284;7325;3595;1;16;48;35;31.1;39.2;22.6;560150;183070;377080;475;66;964000;311000;39000;231000
Utrecht (PV);2006;1180039;576277;603762;6.7;6.3;6;6.1;6.5;30.7;24.9;9.4;3.3;80.7;19.3;8.2;11.1;3.7;0.7;1.5;2.1;3.1;13;7.4;116662;3010;4833;66016;22566;8508;29073;25205;11864;9191;4823;3760; ; ; ; ;29.6;37.7;20.9; ; ; ;463; ;667000;290000;54000;95000
Utrecht (PV);2007;1190604;581749;608855;6.6;6.4;6;6.2;6.6;30.2;25.3;9.5;3.4;80.5;19.5;8.2;11.3;3.8;0.7;1.5;2.1;3.2;12.9;6.9;118367;2947;5147;67738;21867;9502;30235;25644;11956;9487;4811;3438; ; ; ; ;30.6;39;21.6;84970;82080;2900;464;38;685000;294000;52000;99000
Utrecht (PV);2008;1201350;587012;614338;6.5;6.5;5.9;6.2;6.6;29.8;25.6;9.6;3.4;80.3;19.7;8.2;11.4;3.8;0.7;1.5;2.1;3.3;12.8;7.2;119954;2911;5286;67529;21184;10326;30760;26181;11929;9747;5056;3545;0;12;55;33;32;40.9;22.7;82240;79120;3120;472;42;677000;293000;50000;95000
Utrecht (PV);2009;1210869;591859;619010;6.4;6.5;5.9;6.1;6.7;29.3;25.8;9.7;3.5;80.1;19.9;8.3;11.6;3.9;0.7;1.5;2.1;3.4;12.7;7.1;120772;2872;5365;68046;21450;10655;32068;27161;11716;11765;5136;3641;0;11;54;35;33.2;42.3;23.8;90250;86910;3340;483;47;658000;288000;45000;97000
Utrecht (PV);2010;1220910;596784;624126;6.3;6.5;5.9;6.1;6.8;28.8;26.1;9.9;3.5;79.8;20.2;8.4;11.8;3.9;0.7;1.5;2.1;3.5;12.6;7.2;121269;2835;5329;69078;21538;11635;32457;27632;11729;10868;5104;3878;0;11;54;35;33.7;42.5;24.6;91970;88570;3400;484;51;646000;280000;42000;95000
Utrecht (PV);2011;1228794;600525;628269;6.3;6.4;6;6;6.8;28.4;26.5;10;3.6;79.6;20.4;8.5;11.9;4;0.7;1.5;2.2;3.6;12;7.2;121041;2800;5351;70545;21422;10984;32371;27489;11915;11596;5450;4109;0;11;53;36;34;42.7;25.1;93960;90370;3590;487;54;655000;280000;42000;98000
Utrecht (PV);2012;1237117;605032;632085;6.2;6.3;6.1;5.9;6.8;28;26.4;10.6;3.7;79.4;20.6;8.5;12.1;4.1;0.7;1.5;2.2;3.7;12;7.2;120632;2799;5222;72047;21722;9759;31745;26688;12071;11253;4878;3475;0;11;54;36;34.6;43.3;25.6;99350;95840;3510;490;55;644000;277000;39000;99000
Utrecht (PV);2013;1245294;609345;635949;6.1;6.2;6.2;5.9;6.8;27.7;26.4;11;3.7;79.2;20.8;8.5;12.3;4.1;0.7;1.5;2.2;3.9;11.5;7.3;119579;2792;5168;74271;22403;8251;33384;27429;12848;11249;4833;3589;0;10;53;36;34.9;43.6;26;291590;102480;189120;499;55;621000;271000;34000;94000
Utrecht (PV);2014;1253672;613674;639998;6;6.1;6.3;5.9;6.8;27.3;26.5;11.4;3.8;78.9;21.1;8.6;12.5;4.2;0.7;1.5;2.2;4;11.8;7.2;118708;2741;5028;76125;22808;6697;34581;28400;13125;10276;4906;3753;0;10;54;36;35.5;44.4;26.6;298230;104010;194230;497;55;631000;271000;34000;97000
Utrecht (PV);2015;1263572;618888;644684;5.9;6;6.3;5.9;6.8;26.9;26.6;11.7;3.8;78.7;21.3;8.7;12.7;4.2;0.7;1.5;2.2;4.1;11.3;7.5;117905;2690;4936;78324;23149;6377;34065;28157;13857;9650;5274;3808;0;10;54;35;36.3;45.2;27.2;303110;104160;198950;500;56;630000;267000;34000;96000
Noord-Holland (PV);2006;2606584;1281597;1324987;6.1;5.9;5.8;5.6;5.6;30.8;26.3;10.1;3.7;73.5;26.5;10.5;16;3.4;0.9;3.8;2.8;5.2;11.7;8.1;238478;7141;8970;137664;48221;19746;53696;38747;25033;20664;8701;6057; ; ; ; ;28.6;35.9;20.8; ; ; ;393; ;1420000;737000;116000;159000
Noord-Holland (PV);2007;2613070;1284716;1328354;6;6;5.7;5.7;5.7;30.3;26.7;10.2;3.7;73.4;26.6;10.5;16.1;3.4;0.9;3.7;2.8;5.2;11.6;8;239925;6684;9297;142225;48080;22661;54858;39731;25295;22092;8759;5442; ; ; ; ;29.6;37.2;21.6;230090;221410;8680;400;43;1439000;730000;122000;158000
Noord-Holland (PV);2008;2626163;1291013;1335150;5.9;6;5.6;5.7;5.8;29.8;27.1;10.3;3.8;73;27;10.7;16.3;3.5;0.9;3.7;2.8;5.4;11.7;8.1;241382;6351;9329;141436;46654;23743;57270;42477;24882;22848;9053;5985;1;11;59;29;31;38.9;22.7;224250;215040;9210;413;49;1440000;727000;125000;159000
Noord-Holland (PV);2009;2646445;1301903;1344542;5.8;6;5.6;5.7;5.9;29.3;27.3;10.5;3.8;72.5;27.5;10.9;16.6;3.5;0.9;3.7;2.9;5.5;11.8;7.8;242472;6300;9157;142313;48067;23424;60564;45409;24752;27557;9170;5721;1;11;58;30;32.2;40.2;23.7;243830;234060;9770;416;57;1397000;697000;126000;159000
Noord-Holland (PV);2010;2669084;1313687;1355397;5.7;5.9;5.6;5.7;6;28.8;27.6;10.7;3.9;72.1;27.9;11;16.9;3.6;0.9;3.7;2.9;5.8;11.8;7.8;241203;6148;9041;144241;48431;24043;62394;47769;24552;24918;8752;7133;1;11;58;30;32.5;40.3;24.3;248470;238480;9990;413;63;1374000;686000;126000;151000
Noord-Holland (PV);2011;2691477;1324310;1367167;5.7;5.8;5.7;5.7;6.2;28.4;27.8;10.8;3.9;71.7;28.3;11.2;17.1;3.6;0.9;3.7;2.9;5.9;11.2;7.8;240157;5961;9020;146714;49504;22357;63841;48481;24221;25114;9708;8124;1;10;58;30;32.8;40.6;24.7;252190;241460;10730;414;68;1397000;697000;127000;154000
Noord-Holland (PV);2012;2709822;1333811;1376011;5.7;5.7;5.7;5.6;6.2;28.1;27.6;11.4;4;71.3;28.7;11.3;17.3;3.7;0.9;3.7;2.9;6.1;11;8.1;238588;5517;8856;150193;50347;20197;63313;46661;24955;26010;8469;6920;1;10;58;31;33.3;41.2;25.2;262050;251290;10760;415;70;1358000;690000;114000;156000
Noord-Holland (PV);2013;2724300;1340874;1383426;5.6;5.6;5.8;5.5;6.3;27.8;27.5;11.9;4;71;29;11.5;17.5;3.7;0.9;3.7;3;6.2;10.7;8.1;236564;5207;9045;153077;51722;17439;67068;48696;25662;25743;9220;7125;1;10;59;30;33.7;41.4;25.7;710200;264410;445790;416;72;1313000;679000;95000;148000
Noord-Holland (PV);2014;2741369;1349648;1391721;5.5;5.5;5.8;5.5;6.3;27.5;27.5;12.4;4;70.7;29.3;11.6;17.7;3.7;0.9;3.7;3;6.4;10.9;7.9;235003;4933;9120;155758;52476;14422;67426;48942;26875;24370;10001;7667;1;10;60;29;34.2;42.1;26.2;723710;266810;456900;414;73;1335000;679000;98000;151000
Noord-Holland (PV);2015;2761929;1360069;1401860;5.4;5.5;5.7;5.5;6.3;27.2;27.6;12.7;4.1;70.2;29.8;11.9;17.9;3.8;0.9;3.6;2.9;6.6;10.6;8.3;233476;4790;8890;157855;52871;13580;66075;48244;28080;22008;10386;7253;1;10;61;29;35;43;26.8;728460;262090;466370;413;74;1314000;671000;82000;146000
Zuid-Holland (PV);2006;3458875;1703562;1755313;6.1;6;6.1;6.2;6.3;29.6;25.7;10.3;3.8;73.9;26.1;9.1;17;2.9;1.5;4.1;3.4;5.1;11.7;8.4;322794;9547;11456;192828;74459;29212;73790;50459;35611;30752;11785;6859; ; ; ; ;27.7;35.2;19.5; ; ; ;394; ;1902000;1008000;211000;177000
Zuid-Holland (PV);2007;3455097;1701319;1753778;6;6;6;6.2;6.2;29.2;26.2;10.4;3.9;73.6;26.4;9.2;17.2;2.9;1.5;4.1;3.5;5.1;11.4;8.4;322593;9075;11945;197556;74097;32435;75226;51217;35927;32510;11590;6969; ; ; ; ;28.5;36.3;20.1;270850;257920;12940;401;42;1873000;994000;179000;180000
Zuid-Holland (PV);2008;3461435;1704710;1756725;5.8;6;5.9;6.2;6.3;28.7;26.6;10.5;3.9;73.3;26.7;9.3;17.4;3;1.6;4.1;3.5;5.2;11.8;8.3;323077;8767;12248;195689;72572;34202;78178;53124;35859;32868;12717;7120;2;14;51;33;29.8;38;21.1;262310;248190;14120;408;47;1885000;991000;190000;177000
Zuid-Holland (PV);2009;3481558;1716204;1765354;5.8;6;5.9;6.2;6.4;28.3;26.9;10.6;4;72.7;27.3;9.6;17.7;3;1.6;4.1;3.6;5.4;11.8;8.2;322777;8317;12410;194784;73887;33322;81858;56083;34414;38044;12309;7251;2;13;50;35;31;39.4;22;289860;274870;14990;412;53;1879000;1004000;177000;178000
Zuid-Holland (PV);2010;3505611;1729071;1776540;5.8;5.9;5.8;6.2;6.4;28;27.1;10.8;4;72.2;27.8;9.7;18.1;3.1;1.6;4.2;3.6;5.6;11.8;8.2;321674;8138;12436;195185;75961;32445;84639;58933;33826;34862;11694;8027;2;13;50;36;31.5;39.7;22.8;301640;286250;15390;414;59;1837000;974000;174000;177000
Zuid-Holland (PV);2011;3528324;1740855;1787469;5.8;5.8;5.8;6.1;6.5;27.6;27.4;10.8;4.1;71.7;28.3;9.9;18.4;3.1;1.7;4.2;3.7;5.8;11.7;8;319714;7981;12847;196613;76092;31087;85956;59156;33679;36298;12116;9068;2;13;50;35;31.7;39.9;23.1;308050;291910;16140;417;63;1815000;956000;162000;176000
Zuid-Holland (PV);2012;3552407;1753393;1799014;5.8;5.7;5.9;6;6.6;27.3;27.2;11.4;4.2;71.1;28.9;10.2;18.7;3.2;1.7;4.2;3.7;5.9;11.5;8.3;317615;7638;12887;198696;77127;29474;85504;60242;34881;37205;11072;7895;2;13;50;36;32.3;40.5;23.6;324060;308250;15810;421;66;1773000;946000;149000;178000
Zuid-Holland (PV);2013;3563935;1758081;1805854;5.8;5.7;5.9;5.9;6.6;27;27.1;11.9;4.2;70.8;29.2;10.3;18.9;3.2;1.7;4.2;3.7;6.1;11;8.2;315629;7291;13428;200440;79455;25323;88598;62926;35011;36346;11069;8348;2;13;50;36;32.6;40.9;24;916540;328030;588520;420;67;1691000;908000;138000;169000
Zuid-Holland (PV);2014;3577032;1764927;1812105;5.7;5.6;5.9;5.9;6.6;26.7;27.1;12.3;4.3;70.5;29.5;10.4;19.1;3.3;1.7;4.2;3.7;6.2;11.4;8;314043;7153;13512;202772;81166;20888;89423;63709;36147;35248;11520;8259;2;12;51;35;33.1;41.5;24.4;939110;336720;602380;418;68;1701000;913000;137000;174000
Zuid-Holland (PV);2015;3600011;1776412;1823599;5.6;5.6;5.8;5.9;6.6;26.4;27.1;12.6;4.3;70.1;29.9;10.7;19.3;3.3;1.8;4.1;3.7;6.4;10.9;8.4;314273;6857;13259;204639;81072;19576;89139;65290;36814;32428;11966;8361;2;12;52;34;33.7;42.1;24.9;952350;338390;613960;417;69;1708000;903000;140000;173000
Zeeland (PV);2006;380186;188208;191978;5.6;6.2;6.2;5.8;5;26.1;27.9;12.3;4.8;85.1;14.9;10.3;4.6;0.5;0.5;0.7;0.8;2.1;10;9.5;35940;884;994;21283;7987;4472;5372;967;4115;3611;983;117; ; ; ; ;25;32.4;16.5; ; ; ;446; ;275000;96000;18000;44000
Zeeland (PV);2007;380497;188485;192012;5.5;6.1;6.2;5.8;5;25.7;28.3;12.5;4.9;85;15;10.4;4.6;0.6;0.5;0.7;0.8;2.1;9.9;9.3;35718;885;1020;21957;7892;4890;5328;1044;4256;3982;884;104; ; ; ; ;25.7;33.4;16.9;25450;24910;540;454;50;286000;97000;19000;45000
Zeeland (PV);2008;380585;188656;191929;5.3;6.1;6.1;5.9;5;25.4;28.6;12.7;5;84.9;15.1;10.5;4.6;0.6;0.5;0.7;0.8;2.1;10.3;9.6;35282;882;1088;21909;7695;5175;5514;1099;4240;4119;954;120;2;21;44;33;26.8;34.9;17.7;24670;24110;560;464;54;277000;94000;19000;43000
Zeeland (PV);2009;380984;188965;192019;5.2;6;6.2;5.9;5;24.8;28.9;13;5;84.7;15.3;10.6;4.7;0.6;0.5;0.7;0.8;2.1;9.8;9.2;34754;919;1140;21865;7857;5434;5731;1175;4232;4980;916;95;2;20;44;34;27.8;36.1;18.5;27090;26490;600;473;57;282000;94000;18000;44000
Zeeland (PV);2010;381409;189184;192225;5.1;5.9;6.1;6;4.9;24.4;29.1;13.4;5.2;84.5;15.5;10.7;4.8;0.6;0.5;0.7;0.8;2.2;9.7;9.8;33922;913;1204;21868;7984;5235;5814;1174;4050;4278;955;119;2;20;44;34;28.2;36.5;19.1;27420;26840;580;480;60;280000;94000;18000;41000
Zeeland (PV);2011;381530;189184;192346;5;5.7;6.2;5.8;5;23.9;29.2;13.7;5.3;84.3;15.7;10.8;4.9;0.6;0.5;0.7;0.9;2.3;9.9;9.6;33172;922;1261;21990;7828;5192;5874;1108;4145;4713;921;127;2;20;45;33;28.5;36.8;19.4;27270;26660;610;487;63;285000;93000;19000;42000
Zeeland (PV);2012;381407;189181;192226;5;5.6;6.2;5.9;5;23.5;29;14.5;5.4;84.1;15.9;11;4.9;0.6;0.5;0.7;0.8;2.3;9.5;9.8;32416;901;1302;22028;7723;4374;5889;1072;4216;4477;843;89;2;21;44;33;29;37.4;19.8;28350;27760;580;495;64;276000;93000;15000;42000
Zeeland (PV);2013;381077;188882;192195;5;5.4;6.1;5.8;5;23.1;28.9;15.1;5.4;83.8;16.2;11.2;4.9;0.6;0.5;0.7;0.8;2.3;9.2;10;31654;853;1373;22015;7914;3527;6226;1080;4161;4088;893;122;2;20;44;33;29.3;37.8;20.2;109160;29400;79760;500;64;262000;91000;14000;39000
Zeeland (PV);2014;380621;188674;191947;4.9;5.3;6.1;5.8;5.1;22.7;28.9;15.7;5.5;83.5;16.5;11.4;5;0.6;0.5;0.7;0.8;2.4;9.6;9.3;30879;827;1428;21940;7994;3182;6216;1115;4257;3865;962;125;2;20;44;34;29.9;38.7;20.6;111440;29860;81580;503;64;268000;90000;14000;43000
Zeeland (PV);2015;380726;188718;192008;4.9;5.2;6;5.8;5.1;22.3;29;16.2;5.6;83.2;16.8;11.7;5.1;0.6;0.5;0.7;0.8;2.6;9.5;10.3;30385;758;1396;21928;7932;2871;6350;1242;4430;3696;974;113;2;19;46;33;30.3;39.2;20.9;113130;30350;82780;506;66;270000;89000;14000;42000
Noord-Brabant (PV);2006;2415946;1205186;1210760;5.8;6.1;6.2;6;5.7;28.7;27.2;11.1;3.1;84.9;15.1;7.8;7.3;1.5;0.6;0.8;2;2.4;10.8;7.9;228254;7064;9987;138780;48192;22708;54398;21872;25830;21428;9012;3298; ; ; ; ;26.2;33.5;17.7; ; ; ;478; ;1408000;478000;99000;214000
Noord-Brabant (PV);2007;2419042;1206775;1212267;5.7;6.1;6.1;6.1;5.7;28.2;27.6;11.3;3.3;84.8;15.2;7.8;7.4;1.5;0.6;0.8;2;2.5;10.5;7.9;228016;6950;10317;141924;47191;25707;54923;21810;26368;22583;9071;2994; ; ; ; ;27;34.6;18.2;183210;178880;4330;486;46;1446000;480000;99000;222000
Noord-Brabant (PV);2008;2424827;1209825;1215002;5.5;6.1;6;6.1;5.7;27.6;28;11.5;3.4;84.6;15.4;7.9;7.5;1.6;0.6;0.8;2;2.5;10.7;8;227043;6803;10721;140571;46888;27111;56116;22373;26331;23235;9144;3121;1;21;50;28;28.2;36.2;19.2;178860;174110;4750;496;50;1405000;489000;90000;215000
Noord-Brabant (PV);2009;2434560;1215158;1219402;5.4;6;6;6.1;5.8;27;28.3;11.8;3.5;84.3;15.7;8.1;7.6;1.6;0.6;0.8;2;2.6;10.5;7.9;224935;6596;10933;140310;48731;28684;59510;23263;25626;30620;9065;3076;1;20;49;30;29.2;37.5;20;199430;194380;5050;504;54;1379000;469000;84000;208000
Noord-Brabant (PV);2010;2444158;1219904;1224254;5.3;5.9;6;6.2;5.8;26.5;28.6;12.1;3.6;84;16;8.2;7.8;1.6;0.6;0.8;2;2.8;10.4;8;222129;6369;11086;140793;49651;27276;62073;23993;25582;26638;9428;3623;1;19;49;30;29.7;37.9;20.7;201010;196000;5010;507;59;1351000;453000;77000;197000
Noord-Brabant (PV);2011;2454215;1225173;1229042;5.3;5.8;6;6.1;5.9;26;28.8;12.3;3.8;83.8;16.2;8.3;8;1.6;0.6;0.8;2.1;2.9;10.2;8;219047;6027;11225;141516;49496;25580;63941;24232;25710;26276;9903;4166;1;19;49;30;30;38.1;21;201020;195750;5270;515;63;1360000;449000;74000;203000
Noord-Brabant (PV);2012;2463686;1229968;1233718;5.2;5.6;6.1;6;6;25.5;28.8;12.8;3.9;83.5;16.5;8.4;8.1;1.6;0.6;0.8;2.1;3;9.7;8.3;215635;5717;11123;142189;49760;23752;64993;23418;25657;25850;9573;3573;1;19;49;30;30.4;38.7;21.4;212740;207640;5110;521;65;1302000;436000;61000;201000
Noord-Brabant (PV);2013;2471011;1234038;1236973;5.2;5.5;6.1;6;6;25.2;28.8;13.3;4.1;83.3;16.7;8.6;8.2;1.7;0.6;0.8;2.1;3;9.5;8.3;211910;5419;11262;143418;51630;20476;67716;23586;26076;25413;9634;3626;1;19;50;30;30.8;39.1;21.8;660750;219140;441610;522;65;1237000;412000;54000;193000
Noord-Brabant (PV);2014;2479274;1238668;1240606;5;5.4;6;6;6.1;24.8;28.8;13.7;4.2;83;17;8.7;8.3;1.7;0.6;0.8;2.1;3.1;9.8;8.4;208700;5175;11274;144551;52524;16522;69232;23534;27316;23768;10477;3704;1;19;51;29;31.3;39.7;22.3;674340;220390;453940;524;66;1244000;399000;53000;206000
Noord-Brabant (PV);2015;2488751;1243856;1244895;5;5.3;5.9;6;6.1;24.4;28.9;14.1;4.3;82.7;17.3;8.9;8.5;1.7;0.6;0.8;2;3.3;9.4;8.8;206322;4790;10895;144952;52248;15731;68293;24531;27640;22261;10610;3870;1;18;52;28;31.9;40.4;22.7;683930;219420;464510;526;67;1234000;379000;52000;209000
Limburg (PV);2006;1131938;561127;570811;4.9;5.5;5.9;6;5.3;26.8;29.4;12.7;3.7;80.4;19.6;14.4;5.2;1.5;0.3;0.3;1;2.2;8.7;9.3;95745;3127;4194;60184;23890;8908;21239;10043;11896;9739;3461;1509; ; ; ; ;24.3;30.8;17; ; ; ;450; ;600000;199000;35000;94000
Limburg (PV);2007;1127805;558886;568919;4.7;5.5;5.7;6;5.3;26.1;30;12.9;3.8;80.5;19.5;14.3;5.2;1.5;0.3;0.3;1;2.2;8.4;9.1;93983;3132;4507;60774;23708;10882;21491;10151;11800;9974;3552;1322; ; ; ; ;24.8;31.6;17.3;114000;112050;1960;457;51;620000;200000;37000;94000
Limburg (PV);2008;1123705;556603;567102;4.6;5.4;5.6;6;5.4;25.4;30.4;13.2;4;80.4;19.6;14.3;5.3;1.5;0.3;0.3;1.1;2.2;8.4;9.4;91968;3154;4690;59810;23547;11710;22186;12309;11642;10997;3595;1326;2;20;46;32;25.8;32.8;18.1;111470;109310;2160;466;55;610000;200000;38000;91000
Limburg (PV);2009;1122604;556268;566336;4.4;5.3;5.6;6;5.5;24.7;30.8;13.5;4.1;80.3;19.7;14.3;5.4;1.5;0.3;0.3;1.1;2.3;8.7;9.3;90214;3116;5001;58911;24033;11300;23246;12471;11011;14712;3678;1256;2;19;46;33;26.7;33.8;19;121350;119050;2300;473;59;603000;192000;34000;91000
Limburg (PV);2010;1122701;556598;566103;4.3;5.2;5.5;5.9;5.7;24.1;31.1;13.8;4.3;80.2;19.8;14.3;5.6;1.5;0.3;0.3;1.1;2.4;8.6;9.5;87814;3050;5195;58742;23957;11411;23995;12618;11067;11636;3581;1579;2;19;46;34;27.3;34.4;19.6;119590;117350;2240;478;63;576000;175000;33000;85000
Limburg (PV);2011;1122627;556638;565989;4.3;5;5.5;5.8;5.8;23.6;31.4;14.1;4.5;79.9;20.1;14.4;5.7;1.5;0.3;0.3;1.1;2.5;8.3;9.3;85132;2953;5425;58255;23574;11085;24634;13232;10711;11394;3918;2041;2;18;46;33;27.6;34.7;20.1;118750;116320;2430;486;67;581000;172000;35000;87000
Limburg (PV);2012;1123075;556888;566187;4.3;4.8;5.5;5.7;6;23.2;31.3;14.6;4.6;79.7;20.3;14.5;5.8;1.5;0.3;0.3;1.1;2.6;8.1;9.8;82581;2771;5563;58083;23306;9632;24322;13916;10693;11566;3753;2137;2;18;46;34;28.1;35.2;20.5;122810;120510;2300;493;69;556000;161000;31000;88000
Limburg (PV);2013;1121891;556461;565430;4.2;4.6;5.5;5.6;6;22.8;31.3;15.1;4.8;79.5;20.5;14.6;5.9;1.5;0.4;0.3;1.1;2.7;8;9.9;80255;2620;5656;58044;23860;7902;24584;13497;10837;11364;3651;1841;2;18;47;34;28.4;35.5;20.8;351610;123610;228000;496;70;535000;158000;27000;86000
Limburg (PV);2014;1120006;555488;564518;4.2;4.5;5.4;5.6;6;22.5;31.3;15.6;5;79.3;20.7;14.6;6.1;1.5;0.4;0.3;1.1;2.8;7.9;9.8;78126;2438;5485;57756;24117;5659;24696;13055;10865;10136;3798;1825;2;17;48;33;28.8;36;21.2;358400;124590;233810;498;71;547000;156000;24000;97000
Limburg (PV);2015;1117941;554650;563291;4.1;4.4;5.3;5.6;6;22.1;31.2;16.1;5.1;79.1;20.9;14.6;6.3;1.5;0.4;0.3;1.1;3;7.8;10.6;76927;2298;5140;57317;23529;4989;24243;12964;10943;8964;3797;1672;2;17;49;32;29.3;36.6;21.7;361430;123260;238170;501;73;546000;154000;22000;100000
