Regionale kerncijfers Nederland;;;;;;;;;;;;;;;;;;;;;;;;;;;;;;;;;;;;;;;;;;;;;;;;;;;;;;;;;;;;;;;;;;;;;;;;;;;;;;;;;;;
;;;;;;;;;;;;;;;;;;;;;;;;;;;;;;;;;;;;;;;;;;;;;;;;;;;;;;;;;;;;;;;;;;;;;;;;;;;;;;;;;;;
;;Onderwerp;;;;;;;;;;;;;;;;;;;;;;;;;;;;;;;;;;;;;;;;;;;;;;;;;;;;;;;;;;;;;;;;;;;;;;;;;;;;;;;;;
;;||Totale bevolking;|||Mannen;|||Vrouwen;|||||Jonger dan 5 jaar;||||5 tot 10 jaar;||||10 tot 15 jaar;||||15 tot 20 jaar;||||20 tot 25 jaar;||||25 tot 45 jaar;||||45 tot 65 jaar;||||65 tot 80 jaar;||||80 jaar of ouder;||||||Nederlandse achtergrond;||||||Totaal met migratieachtergrond;|||||Westerse migratieachtergrond;||||||Totaal niet-westerse migratieachtergrond;||||||Marokko;||||||(voormalige) Nederlandse Antillen, Aruba;||||||Suriname;||||||Turkije;||||||Overig niet-westerse migratieachtergrond;|||||Nederlandse achtergrond;||||||Totaal met migratieachtergrond;|||||Westerse migratieachtergrond;||||||Totaal niet-westerse migratieachtergrond;||||||Marokko;||||||(voormalige) Nederlandse Antillen, Aruba;||||||Suriname;||||||Turkije;||||||Overig niet-westerse migratieachtergrond;||||||Basisonderwijs;|||Speciaal basisonderwijs;|||Speciale scholen;|||||Voortgezet onderwijs;|||Beroepsopleidende leerweg;|||Beroepsbegeleidende leerweg;|||Hoger beroepsonderwijs;|||Wetenschappelijk onderwijs;||||Voortgezet onderwijs;|||Middelbaar beroepsonderwijs;|||Hoger beroepsonderwijs bachelor;|||Wo master/doctoraal;||||A Landbouw, bosbouw en visserij;||B-F Nijverheid en energie;||G-N Commerciële dienstverlening;||O-U Niet-commerciële dienstverlening;||||Totaal personen;||||Mannen;|||Vrouwen;||||25 tot 35 jaar;|||35 tot 45 jaar;|||45 tot 55 jaar;|||55 tot 65 jaar;|||||Totaal particuliere huishoudens;|||||Inkomen uit arbeid;||||Inkomen uit eigen onderneming;||||Overdrachtsinkomen;|||||Eenpersoonshuishoudens;||||Meerpersoonshuishoudens;|||||Eigen woning;||||Huurwoning;||||Uitkeringsontvangers, totaal;||Tot de AOW- leeftijd;||Vanaf de AOW- leeftijd;|||Werkloosheid;||||Bijstand(gerelateerd) tot AOW-leeftijd;|||Bijstand(gerelateerd) vanaf AOW-leeftijd;|||Bijstand tot de AOW-leeftijd;||||Arbeidsongeschiktheid, totaal;|||WAO-uitkering;|||WIA-uitkering: WGA-regeling;|||Wajong-uitkering;||AOW;||||Personenauto's, relatief;||Personenauto's particulieren, relatief;||Motorfietsen, relatief;||Voertuigen met bromfietskenteken (%);||||Totaal huishoudelijk afval;||Huishoudelijk restafval;||Grof huishoudelijk restafval;||Gft-afval;||Oud papier en karton
Regio's;Perioden;aantal;aantal;aantal;%;%;%;%;%;%;%;%;%;aantal;aantal;aantal;aantal;aantal;aantal;aantal;aantal;aantal;%;%;%;%;%;%;%;%;%;aantal;aantal;aantal;aantal;aantal;aantal;aantal;aantal;aantal;aantal;aantal;aantal;%;%;%;%;1 000 euro;1 000 euro;1 000 euro;1 000 euro;1 000 euro;1 000 euro;1 000 euro;1 000 euro;1 000 euro;1 000 euro;1 000 euro;1 000 euro;1 000 euro;1 000 euro;1 000 euro;aantal;aantal;aantal;aantal;aantal;aantal;aantal;aantal;aantal;aantal;aantal;aantal;per 1 000 inwoners;per 1 000 inwoners;per 1 000 inwoners;per 1 000 inwoners;1 000 kg;1 000 kg;1 000 kg;1 000 kg;1 000 kg
Nederland;2006;16334210;8077407;8256803;6,0;6,1;6,1;6,1;5,9;29,0;26,5;10,7;3,6;13186595;3147615;1427565;1720050;323239;129683;331890;364333;570905;80,7;19,3;8,7;10,5;2,0;0,8;2,0;2,2;3,5;1548969;46310;61920;915245;355408;140819;366689;208618;171358;148753;60036;30731;;;;;26,6;33,7;18,6;26,6;31,2;32,7;31,4;29,8;33,5;40,4;21,0;17,9;35,5;36,3;21,8;;;;;;;;;;;;;434;386;34;;9166000;3961000;716000;1296000;1081000
Nederland;2007;16357992;8088514;8269478;5,9;6,1;6,0;6,1;5,9;28,5;26,9;10,8;3,7;13187586;3170406;1431954;1738452;329493;129965;333504;368600;576890;80,6;19,4;8,8;10,6;2,0;0,8;2,0;2,3;3,5;1552548;44932;64658;941136;349619;160023;374802;212713;173150;156116;60057;28361;;;;;27,4;34,8;19,2;27,4;32,6;34,0;32,3;31,3;34,9;43,9;21,6;18,6;37,4;38,1;22,5;1354050;1303410;39600;191530;347800;36590;320220;810940;580950;28730;161220;.;442;392;35;44;9301000;3964000;683000;1315000;1106000
Nederland;2008;16405399;8112073;8293326;5,8;6,2;6,0;6,1;6,0;28,0;27,3;11,0;3,8;13189983;3215416;1449686;1765730;335127;131841;335799;372714;590249;80,4;19,6;8,8;10,8;2,0;0,8;2,0;2,3;3,6;1553332;44055;66264;934560;342394;171531;383713;220504;171217;161752;61703;28773;1;16;51;32;28,6;36,4;20,1;28,7;34,2;35,6;33,5;33,6;36,5;51,8;22,6;19,7;40,2;41,1;23,5;1321200;1267850;42730;173870;333460;39870;304200;799450;544300;43480;170030;.;451;397;36;48;9211000;3947000;686000;1289000;1124000
Nederland;2009;16485787;8156396;8329391;5,7;6,1;5,9;6,1;6,0;27,5;27,6;11,2;3,8;13198081;3287706;1478396;1809310;341528;134774;338678;378330;616000;80,1;19,9;9,0;11,0;2,1;0,8;2,1;2,3;3,7;1548419;43325;67653;934943;351392;170882;403278;233128;168389;200375;62204;30262;1;16;50;33;29,6;37,6;21,0;29,9;35,8;37,1;34,8;34,3;37,4;50,2;23,6;20,2;41,2;41,6;23,8;1456400;1399750;45330;272140;364520;42490;330390;801980;513570;60150;183580;.;458;402;37;53;9059000;3878000;640000;1302000;1077000
Nederland;2010;16574989;8203476;8371513;5,6;6,1;5,9;6,1;6,1;27,0;27,9;11,4;3,9;13215386;3359603;1501309;1858294;349005;138420;342279;383957;644633;79,7;20,3;9,1;11,2;2,1;0,8;2,1;2,3;3,9;1534929;42821;68863;939534;357758;170251;416629;242345;166647;175553;61633;33178;1;15;49;34;30,1;37,9;21,7;30,3;36,1;37,6;35,3;34,4;38,4;45,8;24,0;20,4;41,4;41,6;24,0;1482350;1426730;45580;268520;394090;45550;356680;797020;476760;77420;194190;.;460;407;38;58;8860000;3751000;615000;1255000;1065000
Nederland;2011;16655799;8243482;8412317;5,5;5,9;6,0;6,0;6,2;26,6;28,1;11,6;4,0;13228780;3427019;1527774;1899245;355883;141345;344734;388967;668316;79,4;20,6;9,2;11,4;2,1;0,8;2,1;2,3;4,0;1517497;41768;70154;948673;357687;162275;423945;245428;165473;179189;65089;37735;1;15;50;34;30,4;38,2;22,1;30,2;36,6;38,1;35,8;34,3;38,4;46,7;23,8;20,3;41,4;41,5;23,8;1498070;1439870;48300;275640;404670;48270;367360;792040;436550;98150;204640;.;464;413;38;62;8915000;3734000;600000;1297000;1044000
Nederland;2012;16730348;8282871;8447477;5,5;5,8;6,0;6,0;6,3;26,2;28,0;12,1;4,1;13236155;3494193;1556542;1937651;362954;143992;346797;392923;690985;79,1;20,9;9,3;11,6;2,2;0,9;2,1;2,3;4,1;1498008;39926;70416;960682;360202;150655;421693;241372;169302;182430;59563;33180;1;15;50;34;30,9;38,7;22,6;30,5;37,4;38,8;36,4;34,2;38,5;45,8;23,8;20,3;41,4;41,5;23,8;1577460;1519880;47550;351230;417720;47340;380660;785580;397310;116410;215970;.;470;418;39;63;8656000;3663000;536000;1303000;981000
Nederland;2013;16779575;8307339;8472236;5,4;5,7;6,1;5,9;6,3;25,8;28,0;12,6;4,2;13236494;3543081;1576986;1966095;368838;145499;347631;395302;708825;78,9;21,1;9,4;11,7;2,2;0,9;2,1;2,4;4,2;1476722;38133;71230;973514;370595;127513;440293;250186;172708;178176;60913;34589;1;15;50;34;31,2;39,0;22,9;30,5;37,8;39,3;36,9;34,5;38,8;46,7;24,1;20,4;41,9;42,0;23,7;4834190;1611650;3222150;418590;453960;47260;413110;766150;363140;132220;207900;3220560;472;420;39;65;8299000;3523000;473000;1252000;924000
Nederland;2014;16829289;8334385;8494904;5,3;5,6;6,0;5,9;6,3;25,5;28,0;13,1;4,3;13234545;3594744;1597160;1997584;374996;146855;348291;396414;731028;78,6;21,4;9,5;11,9;2,2;0,9;2,1;2,4;4,3;1457550;36845;70980;985069;378021;103384;446434;255661;178907;167790;64104;36573;1;14;51;33;31,7;39,6;23,4;30,6;38,4;40,2;37,9;34,8;39,6;46,1;24,1;20,6;42,1;42,3;23,8;4935170;1632040;3302920;411470;478200;47750;433740;769970;333710;145840;220230;3301070;471;420;39;65;8385000;3469000;465000;1346000;914000
Nederland;2015;16900726;8372858;8527868;5,3;5,5;6,0;5,9;6,3;25,1;28,1;13,4;4,3;13235405;3665321;1626812;2038509;380755;148926;348662;396555;763611;78,3;21,7;9,6;12,1;2,3;0,9;2,1;2,3;4,5;1443126;34727;68196;995336;378491;97784;442594;261169;183512;154373;65446;37206;1;14;52;33;32,3;40,3;23,9;30,8;39,0;41,1;39,0;36,2;40,6;51,9;24,6;21,3;44,1;44,4;24,2;4995390;1622470;3372840;393020;497910;48170;448730;757890;306070;154850;218280;3370730;472;420;39;67;8372000;3381000;454000;1346000;905000
Groningen (PV);2006;574042;285089;288953;5,5;5,6;5,6;6,2;7,8;28,4;26,3;10,7;4,1;503387;70655;39243;31412;1475;4486;6123;4479;14849;87,7;12,3;6,8;5,5;0,3;0,8;1,1;0,8;2,6;49881;1423;2477;28887;14454;4803;18007;18831;5162;5497;2924;2611;;;;;23,9;29,4;17,6;23,6;27,4;29,5;28,9;26,4;30,0;35,5;19,1;16,3;31,6;31,7;19,3;;;;;;;;;;;;;409;382;37;;342000;142000;23000;52000;39000
Groningen (PV);2007;573614;284791;288823;5,3;5,6;5,5;6,3;7,9;27,9;26,7;10,8;4,1;503157;70457;39249;31208;1504;4452;6108;4506;14638;87,7;12,3;6,8;5,4;0,3;0,8;1,1;0,8;2,6;49863;1426;2467;30362;14005;5496;18443;19066;5376;5785;3004;2053;;;;;24,5;30,2;18,1;24,2;28,2;30,8;29,4;27,8;31,2;40,0;19,9;16,9;33,3;33,4;20,0;56220;55490;720;8820;17600;620;16070;30510;20120;860;8000;.;416;389;38;41;344000;141000;23000;51000;40000
Groningen (PV);2008;573459;284678;288781;5,1;5,6;5,5;6,3;8,0;27,3;27,0;11,0;4,2;502597;70862;39221;31641;1485;4542;6066;4583;14965;87,6;12,4;6,8;5,5;0,3;0,8;1,1;0,8;2,6;49683;1368;2414;29952;13625;6180;19270;19907;5167;6023;3108;1996;1;17;44;38;25,5;31,4;18,9;25,1;29,4;31,8;30,8;29,5;32,5;45,7;20,7;17,8;35,5;35,6;20,9;54960;54170;790;8350;16590;680;15020;30370;18940;1240;8570;.;424;397;39;44;331000;137000;23000;49000;42000
Groningen (PV);2009;574092;284981;289111;5,0;5,5;5,5;6,3;8,2;26,7;27,3;11,2;4,2;501902;72190;39918;32272;1531;4681;6122;4635;15303;87,4;12,6;7,0;5,6;0,3;0,8;1,1;0,8;2,7;49030;1365;2418;29981;14150;5772;20085;21223;5280;7670;3256;1994;1;17;43;40;26,6;32,7;19,8;26,3;30,7;33,4;31,9;30,4;33,2;46,3;21,8;18,4;36,7;36,5;21,0;59610;58800;820;11360;17990;710;16250;30550;17870;1640;9230;.;431;403;40;48;326000;134000;22000;49000;41000
Groningen (PV);2010;576668;286495;290173;5,0;5,4;5,5;6,3;8,4;26,2;27,5;11,5;4,2;502459;74209;40715;33494;1602;4890;6176;4694;16132;87,1;12,9;7,1;5,8;0,3;0,8;1,1;0,8;2,8;48156;1394;2381;30114;14295;5665;20517;21739;5165;6459;3180;2118;1;17;42;41;27,1;33,1;20,6;27,1;31,2;33,7;32,6;30,4;34,3;41,5;21,9;18,8;36,9;36,5;21,0;60540;59750;790;10900;19440;790;17480;30300;16500;2120;9710;.;436;408;41;52;319000;132000;20000;47000;41000
Groningen (PV);2011;579036;287924;291112;5,0;5,3;5,5;6,3;8,6;25,8;27,6;11,7;4,3;502352;76684;41944;34740;1618;5000;6200;4878;17044;86,8;13,2;7,2;6,0;0,3;0,9;1,1;0,8;2,9;47267;1375;2341;30147;14358;5151;20764;22024;5113;6346;3337;2321;1;16;42;41;27,5;33,4;21,0;27,2;31,8;33,9;33,2;30,4;34,3;42,8;21,8;18,6;37,1;36,6;20,9;61110;60290;830;11000;20050;830;18100;30120;15020;2660;10270;.;440;413;42;55;323000;130000;21000;53000;39000
Groningen (PV);2012;580875;288754;292121;4,9;5,1;5,5;6,2;8,8;25,5;27,4;12,3;4,3;502371;78504;43122;35382;1675;5061;6259;4803;17584;86,5;13,5;7,4;6,1;0,3;0,9;1,1;0,8;3,0;46311;1369;2331;30338;14751;4652;20988;21983;5140;6332;2998;2154;1;17;42;41;27,9;33,9;21,4;27,4;32,4;34,6;33,8;30,5;34,4;43,1;21,9;18,7;37,3;36,7;21,0;64030;63210;820;13250;20850;820;18960;30080;13630;3130;10960;.;445;417;43;56;315000;131000;18000;53000;38000
Groningen (PV);2013;581705;289275;292430;4,9;5,0;5,5;6,2;8,8;25,2;27,2;12,8;4,3;501767;79938;44029;35909;1701;5199;6254;4794;17961;86,3;13,7;7,6;6,2;0,3;0,9;1,1;0,8;3,1;45484;1363;2297;30823;15057;4190;21892;21811;5243;6478;3052;2149;1;16;42;42;28,1;34,0;21,7;27,3;32,7;34,7;34,1;30,5;34,5;42,5;22,1;18,7;37,5;36,9;20,9;166880;64960;101910;14610;22830;850;20740;28610;12330;3540;10120;101860;446;417;43;57;298000;123000;16000;48000;35000
Groningen (PV);2014;582728;289820;292908;4,8;4,9;5,5;6,3;8,9;24,8;27,1;13,2;4,4;500900;81828;44689;37139;1751;5297;6265;4745;19081;86,0;14,0;7,7;6,4;0,3;0,9;1,1;0,8;3,3;44837;1352;2252;31147;15254;3396;22247;22128;5543;6368;3183;2183;1;15;42;42;28,6;34,6;22,2;27,5;33,4;35,4;35,0;30,8;35,2;43,1;21,9;18,8;37,8;37,4;20,8;170260;66280;103980;14800;23690;890;21460;28950;11310;3910;10860;103920;444;416;43;57;290000;121000;14000;50000;33000
Groningen (PV);2015;583942;290840;293102;4,7;4,9;5,4;6,3;9,0;24,5;27,2;13,6;4,5;500157;83785;44818;38967;1760;5407;6261;4734;20805;85,7;14,3;7,7;6,7;0,3;0,9;1,1;0,8;3,6;44219;1246;2165;31474;15495;3293;22347;21226;5660;5886;3211;2132;1;14;45;40;29,1;35,0;22,7;27,8;34,0;35,9;35,8;31,8;36,1;46,9;22,4;19,5;39,3;38,9;21,4;171360;65820;105540;14130;24240;990;21780;28610;10440;4160;10800;105480;445;417;43;58;287000;114000;15000;50000;33000
Friesland (PV);2006;642230;320611;321619;6,1;6,3;6,3;6,3;5,8;27,2;26,8;11,2;3,9;589797;52433;30025;22408;2130;2029;2841;1605;13803;91,8;8,2;4,7;3,5;0,3;0,3;0,4;0,2;2,1;62815;2050;2377;36770;18764;4763;16511;1862;7094;6957;2523;282;;;;;23,5;29,6;16,5;23,4;26,8;28,9;28,6;27,3;30,5;36,5;20,0;16,3;32,1;32,1;20,1;;;;;;;;;;;;;417;398;38;;415000;139000;25000;72000;57000
Friesland (PV);2007;642209;320383;321826;6,0;6,4;6,3;6,3;5,8;26,7;27,3;11,4;4,0;589978;52231;30132;22099;2153;2037;2871;1646;13392;91,9;8,1;4,7;3,4;0,3;0,3;0,4;0,3;2,1;63309;2008;2422;37975;17922;5463;16779;1974;7247;7190;2529;217;;;;;24,3;30,7;17,0;24,2;28,0;30,1;29,6;28,9;31,8;41,0;20,7;17,0;34,1;34,0;20,8;51150;50550;600;9600;12960;460;11630;29500;19070;600;7820;.;428;407;40;41;432000;144000;26000;75000;58000
Friesland (PV);2008;643189;321102;322087;5,8;6,4;6,2;6,2;5,7;26,3;27,6;11,6;4,0;590349;52840;30378;22462;2128;2067;2922;1657;13688;91,8;8,2;4,7;3,5;0,3;0,3;0,5;0,3;2,1;63290;2030;2408;37929;17412;6021;17244;2107;7007;7352;2430;225;1;19;44;36;25,2;31,9;17,6;25,0;29,3;31,3;30,4;30,7;33,0;46,4;21,6;17,9;36,3;36,2;21,6;49750;49150;600;8810;12680;500;11280;28810;17720;950;8230;.;438;417;41;44;423000;143000;23000;74000;57000
Friesland (PV);2009;644811;322015;322796;5,7;6,4;6,2;6,3;5,7;25,8;27,9;11,9;4,1;591219;53592;30753;22839;2145;2110;2940;1664;13980;91,7;8,3;4,8;3,5;0,3;0,3;0,5;0,3;2,2;62782;2058;2409;38214;17975;5754;17927;2205;7166;9536;2430;207;1;19;42;38;26,2;33,1;18,5;26,3;30,4;32,6;31,8;31,8;33,7;48,1;22,6;18,4;37,7;37,3;21,6;55280;54630;650;13150;14230;540;12570;28450;16500;1280;8810;.;447;425;42;47;418000;142000;22000;77000;53000
Friesland (PV);2010;646305;322911;323394;5,6;6,3;6,2;6,3;5,7;25,3;28,1;12,3;4,2;591687;54618;31196;23422;2146;2206;2984;1654;14432;91,5;8,5;4,8;3,6;0,3;0,3;0,5;0,3;2,2;62184;2038;2366;38065;18630;5784;18432;2251;7105;7902;2360;286;1;18;42;39;26,5;33,1;19,1;26,5;30,6;32,7;31,7;31,5;34,9;41,7;23,0;18,8;37,3;36,7;21,7;56140;55540;600;13120;15410;600;13650;28000;15130;1650;9330;.;454;432;43;50;409000;137000;21000;77000;53000
Friesland (PV);2011;647282;323439;323843;5,5;6,2;6,3;6,2;5,8;24,8;28,3;12,6;4,3;591901;55381;31724;23657;2161;2257;3026;1672;14541;91,4;8,6;4,9;3,7;0,3;0,3;0,5;0,3;2,2;61155;2009;2305;38428;18673;4996;18629;2241;6948;8001;2506;319;1;18;43;39;26,7;33,3;19,5;26,5;31,1;33,0;32,1;31,4;34,8;43,1;22,8;18,7;37,4;36,7;21,6;58070;57440;640;13960;17240;640;15350;27240;13620;2010;9720;.;462;440;45;54;411000;136000;19000;82000;51000
Friesland (PV);2012;647214;323495;323719;5,4;6,0;6,4;6,2;5,8;24,3;28,2;13,3;4,4;591195;56019;32062;23957;2152;2304;3043;1707;14751;91,3;8,7;5,0;3,7;0,3;0,4;0,5;0,3;2,3;59941;1890;2314;38860;18548;5213;18477;2071;7120;8397;2189;341;1;17;43;39;27,2;33,8;19,9;26,8;31,9;33,6;32,7;31,6;35,0;43,7;22,9;18,8;37,7;36,9;21,8;62220;61600;620;17350;18680;620;16720;26660;12270;2290;10160;.;470;447;46;56;402000;132000;18000;81000;49000
Friesland (PV);2013;646862;323442;323420;5,3;5,9;6,4;6,1;5,7;23,9;28,2;13,9;4,5;590396;56466;32132;24334;2147;2369;3054;1717;15047;91,3;8,7;5,0;3,8;0,3;0,4;0,5;0,3;2,3;58794;1811;2312;39279;18833;4717;19246;2040;7134;8257;2123;272;1;17;43;39;27,3;33,9;20,2;26,7;32,1;33,9;33,0;31,7;35,3;43,5;23,1;18,9;37,9;37,2;21,5;185530;63850;121680;19260;20310;620;18210;25390;11050;2560;9600;121640;473;450;46;57;385000;129000;17000;77000;44000
Friesland (PV);2014;646317;323242;323075;5,2;5,7;6,4;6,2;5,7;23,4;28,3;14,4;4,6;589182;57135;32062;25073;2168;2437;3073;1731;15664;91,2;8,8;5,0;3,9;0,3;0,4;0,5;0,3;2,4;57696;1821;2368;39597;19237;3946;19445;1966;7482;8178;2213;297;1;17;43;39;27,7;34,3;20,6;26,9;32,5;34,3;33,7;31,9;36,0;43,5;23,1;19,1;38,1;37,4;21,6;188740;64150;124590;18660;21230;640;18920;25380;10040;2830;10140;124550;474;451;47;58;388000;129000;17000;83000;43000
Friesland (PV);2015;646257;323398;322859;5,1;5,7;6,4;6,2;5,7;22,9;28,5;14,8;4,7;588388;57869;32094;25775;2167;2488;3051;1717;16352;91,0;9,0;5,0;4,0;0,3;0,4;0,5;0,3;2,5;56539;1728;2264;40042;19304;3901;19033;2074;7765;7296;2222;233;1;17;44;38;28,4;35,1;21,2;27,1;33,2;35,5;34,8;33,2;36,9;49,1;23,4;19,8;39,9;39,2;22,0;189980;63130;126840;17430;22100;750;19480;24730;9070;2980;10110;126800;477;453;47;59;390000;128000;17000;80000;41000
Drenthe (PV);2006;484481;239540;244941;5,9;6,3;6,2;5,9;4,7;26,4;28,3;12,3;4,1;443333;41148;26709;14439;1325;1121;1762;1671;8560;91,5;8,5;5,5;3,0;0,3;0,2;0,4;0,3;1,8;47848;1140;1016;27275;12295;4458;7618;1449;5412;4841;1115;235;;;;;24,3;30,9;16,8;23,8;27,5;30,3;29,8;28,5;32,1;37,3;21,2;16,9;32,9;33,0;20,4;;;;;;;;;;;;;456;434;45;;304000;116000;21000;66000;35000
Drenthe (PV);2007;486197;240416;245781;5,7;6,4;6,2;5,9;4,7;25,9;28,7;12,4;4,2;444499;41698;26954;14744;1364;1148;1794;1709;8729;91,4;8,6;5,5;3,0;0,3;0,2;0,4;0,4;1,8;48223;1103;1119;28253;12050;5084;7708;1380;5335;5375;1105;141;;;;;25,0;31,9;17,3;24,5;28,7;31,4;30,6;29,9;33,5;41,4;21,8;17,7;34,7;34,7;21,1;42400;42000;400;7360;8870;310;7820;26930;18420;770;6100;.;464;442;46;36;305000;114000;18000;66000;35000
Drenthe (PV);2008;488135;241209;246926;5,5;6,4;6,2;5,9;4,7;25,3;29,1;12,6;4,3;445936;42199;27339;14860;1382;1167;1803;1681;8827;91,4;8,6;5,6;3,0;0,3;0,2;0,4;0,3;1,8;47976;1201;1122;28435;11664;5449;7988;1453;5123;5466;1154;122;1;20;42;37;26,0;33,1;18,1;25,5;30,0;32,3;31,8;31,8;34,8;47,8;22,8;18,5;37,0;37,0;22,1;42050;41600;450;7130;8880;350;7720;26570;17290;1220;6410;.;474;450;48;39;306000;116000;17000;66000;39000
Drenthe (PV);2009;489918;242071;247847;5,4;6,3;6,2;5,8;4,7;24,8;29,4;12,9;4,4;447119;42799;27590;15209;1427;1161;1818;1690;9113;91,3;8,7;5,6;3,1;0,3;0,2;0,4;0,3;1,9;48091;1198;1143;28781;11959;5239;8330;1454;5203;6687;1169;124;1;19;41;39;26,9;34,3;18,9;26,4;31,4;33,6;33,0;32,7;35,7;47,4;23,8;18,8;38,2;37,9;21,9;46690;46220;470;10070;10370;380;9050;26750;16320;1710;6990;.;484;458;49;42;300000;115000;15000;66000;37000
Drenthe (PV);2010;490981;242778;248203;5,3;6,2;6,3;5,9;4,7;24,2;29,6;13,2;4,6;447392;43589;27728;15861;1476;1228;1833;1728;9596;91,1;8,9;5,6;3,2;0,3;0,3;0,4;0,4;2,0;47534;1229;1096;29129;12226;5357;8591;1580;5176;5821;1159;175;1;18;41;40;27,5;34,8;19,5;26,6;31,9;34,5;33,4;32,8;37,2;43,6;24,0;19,3;38,4;38,0;22,1;47470;47040;430;10040;11240;430;9880;26540;15180;2200;7340;.;489;464;51;46;299000;113000;14000;65000;40000
Drenthe (PV);2011;491411;243084;248327;5,2;6,1;6,4;5,8;4,7;23,7;30,0;13,5;4,7;447332;44079;27739;16340;1511;1220;1867;1890;9852;91,0;9,0;5,6;3,3;0,3;0,2;0,4;0,4;2,0;46344;1252;1115;29785;12006;5188;8473;1597;5356;5853;1230;192;.;.;42;.;27,7;35,1;19,9;26,8;32,2;34,8;33,8;32,7;37,1;44,7;23,8;19,1;38,4;37,9;21,9;47190;46730;450;9730;11670;450;10310;26100;13800;2660;7660;.;499;473;52;49;298000;116000;11000;70000;36000
Drenthe (PV);2012;490807;243134;247673;5,1;5,9;6,4;5,9;4,6;23,2;29,9;14,2;4,8;446559;44248;27655;16593;1525;1274;1856;1915;10023;91,0;9,0;5,6;3,4;0,3;0,3;0,4;0,4;2,0;45383;1183;1089;30253;12110;5050;8333;1524;5379;6045;1023;173;1;.;42;.;28,2;35,6;20,2;27,0;32,8;35,3;34,4;32,8;37,3;44,6;23,9;19,2;38,7;38,0;22,0;49860;49390;470;12400;12320;460;10790;25610;12480;3110;8000;.;508;480;53;51;288000;114000;9000;68000;33000
Drenthe (PV);2013;489918;242757;247161;5,0;5,7;6,5;5,9;4,6;22,8;29,8;14,8;4,9;445500;44418;27655;16763;1532;1289;1877;1795;10270;90,9;9,1;5,6;3,4;0,3;0,3;0,4;0,4;2,1;44337;1126;1133;30665;12409;4311;8637;1501;5604;5681;1124;211;1;.;42;.;28,4;35,8;20,6;26,9;33,1;35,7;34,8;33,1;37,5;45,0;24,2;19,4;39,0;38,3;21,9;149560;50320;99240;13500;13320;480;11720;24470;11300;3470;7450;99190;509;484;53;52;280000;110000;8000;67000;32000
Drenthe (PV);2014;488988;242230;246758;4,8;5,6;6,5;5,9;4,6;22,3;29,9;15,4;5,0;444170;44818;27737;17081;1539;1278;1884;1806;10574;90,8;9,2;5,7;3,5;0,3;0,3;0,4;0,4;2,2;43061;1080;1184;31021;12838;3510;8589;1494;6033;5517;1132;168;1;.;43;.;28,8;36,3;21,0;27,0;33,6;36,4;35,6;33,3;38,2;44,9;24,1;19,5;39,3;38,6;21,9;152510;50910;101600;13700;13790;510;12150;24440;10290;3860;7780;101550;511;486;53;54;281000;107000;8000;70000;32000
Drenthe (PV);2015;488576;242262;246314;4,7;5,5;6,4;6,0;4,6;21,8;30,1;15,8;5,2;443234;45342;27794;17548;1515;1309;1894;1798;11032;90,7;9,3;5,7;3,6;0,3;0,3;0,4;0,4;2,3;42298;997;1088;30907;13078;3263;8466;1581;5942;5063;1048;207;1;.;44;.;29,4;36,9;21,6;27,3;34,0;37,0;36,8;34,5;39,3;49,1;24,7;20,2;40,8;40,2;22,4;153820;50280;103540;13220;14000;580;12160;23980;9440;4020;7720;103480;513;489;53;56;283000;104000;9000;70000;31000
Overijssel (PV);2006;1113529;556103;557426;6,5;6,5;6,3;6,3;6,2;28,5;25,4;10,8;3,5;959447;154082;77131;76951;4154;4042;5129;34399;29227;86,2;13,8;6,9;6,9;0,4;0,4;0,5;3,1;2,6;112057;3619;5154;64004;28112;10746;27683;9324;12564;12410;4632;1192;;;;;24,2;30,7;16,7;24,6;27,9;29,9;29,0;29,0;32,2;41,1;20,5;16,8;33,8;34,4;21,1;;;;;;;;;;;;;428;399;40;;582000;253000;40000;92000;82000
Overijssel (PV);2007;1116374;557539;558835;6,4;6,5;6,3;6,3;6,1;28,1;25,8;10,9;3,5;961702;154672;77184;77488;4192;4026;5189;34676;29405;86,1;13,9;6,9;6,9;0,4;0,4;0,5;3,1;2,6;113109;3576;5526;65991;27595;12050;27781;9361;12562;12539;4464;1109;;;;;24,8;31,5;17,1;25,3;29,1;30,9;29,8;30,4;33,6;43,7;21,2;17,4;35,6;36,1;21,7;91790;89540;2250;13830;20720;2050;18970;57440;38920;1560;13930;.;435;405;41;43;594000;260000;40000;94000;81000
Overijssel (PV);2008;1119994;559411;560583;6,3;6,6;6,3;6,3;6,1;27,6;26,2;11,1;3,6;964637;155357;77315;78042;4240;4136;5230;34856;29580;86,1;13,9;6,9;7,0;0,4;0,4;0,5;3,1;2,6;113847;3530;5802;65586;26736;13023;28521;9777;12429;13269;4757;1111;1;22;47;31;25,8;33,0;17,8;26,3;30,5;32,2;30,8;32,4;35,0;51,4;22,0;18,3;38,1;38,7;22,6;89910;87470;2430;12670;20110;2260;18260;56640;36450;2310;14750;.;445;412;41;47;591000;258000;40000;93000;83000
Overijssel (PV);2009;1125435;562419;563016;6,1;6,6;6,2;6,3;6,1;27,1;26,4;11,3;3,7;967311;158124;78320;79804;4255;4295;5244;34989;31021;85,9;14,1;7,0;7,1;0,4;0,4;0,5;3,1;2,8;113977;3612;6136;65581;27780;12483;29446;10173;12240;16518;4673;1166;1;21;45;33;26,8;34,1;18,6;27,5;31,8;33,5;32,1;33,2;35,9;50,9;23,1;19,1;39,1;39,3;22,7;100210;97640;2570;20120;22880;2380;20590;56740;34310;3120;15940;.;453;418;42;51;574000;251000;34000;96000;82000
Overijssel (PV);2010;1130345;564960;565385;6,0;6,6;6,3;6,3;6,2;26,7;26,7;11,5;3,8;969852;160493;78992;81501;4290;4348;5273;35133;32457;85,8;14,2;7,0;7,2;0,4;0,4;0,5;3,1;2,9;113175;3703;6435;65879;28409;12325;30259;10356;12014;13763;4570;1170;1;21;44;34;27,2;34,5;19,3;28,0;32,3;34,0;32,6;33,2;37,0;45,4;23,3;19,2;39,2;39,3;22,8;101020;98490;2530;19520;24340;2520;21870;56290;31780;4080;16900;.;457;424;43;54;561000;239000;34000;91000;80000
Overijssel (PV);2011;1134465;566903;567562;5,9;6,4;6,4;6,2;6,2;26,2;27,0;11,6;4,0;971943;162522;79918;82604;4283;4419;5313;35221;33368;85,7;14,3;7,0;7,3;0,4;0,4;0,5;3,1;2,9;112239;3595;6627;66879;28170;12497;30633;10645;11836;14776;4786;1307;1;20;45;34;27,6;34,8;19,7;28,0;32,7;34,4;33,1;33,2;37,0;46,9;23,2;19,1;39,2;39,3;22,7;101420;98760;2660;19360;24920;2660;22520;56070;29140;5170;17900;.;463;430;44;57;565000;238000;33000;95000;77000
Overijssel (PV);2012;1137668;568764;568904;5,8;6,3;6,5;6,1;6,2;25,9;27,0;12,1;4,1;973766;163902;80146;83756;4257;4512;5360;35275;34352;85,6;14,4;7,0;7,4;0,4;0,4;0,5;3,1;3,0;110772;3472;6830;67941;28524;11630;30435;10366;12344;15068;4301;1197;1;20;44;35;28,0;35,3;20,1;28,3;33,4;35,0;33,7;33,2;37,2;46,1;23,3;19,2;39,4;39,3;22,7;108440;105780;2660;25880;25970;2640;23570;55750;26570;6180;18920;.;470;436;45;59;546000;224000;26000;99000;75000
Overijssel (PV);2013;1139350;569690;569660;5,7;6,2;6,5;6,1;6,2;25,5;27,0;12,6;4,2;974915;164435;80178;84257;4279;4565;5388;35168;34857;85,6;14,4;7,0;7,4;0,4;0,4;0,5;3,1;3,1;108912;3301;6673;69193;29537;10108;31547;10250;12605;14733;4523;1269;1;20;44;36;28,3;35,6;20,4;28,4;33,8;35,4;34,1;33,5;37,5;46,9;23,6;19,4;39,8;39,7;22,7;307420;111400;196020;31120;28620;2700;26030;53650;24090;7090;17830;195800;472;437;45;60;527000;208000;22000;102000;73000
Overijssel (PV);2014;1139697;570214;569483;5,6;6,1;6,6;6,1;6,2;25,0;27,2;13,0;4,3;974671;165026;79939;85087;4296;4558;5395;34980;35858;85,5;14,5;7,0;7,5;0,4;0,4;0,5;3,1;3,1;107151;3182;6480;70151;30302;8581;31316;9982;13228;13809;4718;1307;1;19;45;35;28,7;36,0;20,9;28,4;34,3;36,0;35,1;33,8;38,1;46,7;23,6;19,6;40,0;40,0;22,8;312210;112150;200060;29900;30220;2770;27370;54010;22070;7850;18920;199820;470;438;45;60;539000;196000;20000;116000;72000
Overijssel (PV);2015;1140652;570894;569758;5,5;6,0;6,5;6,2;6,1;24,6;27,4;13,4;4,4;974633;166019;79826;86193;4308;4604;5398;34702;37181;85,4;14,6;7,0;7,6;0,4;0,4;0,5;3,0;3,3;104829;2963;5972;71580;30445;8115;31310;9983;13611;12684;4589;1293;1;19;46;34;29,2;36,6;21,3;28,6;34,7;36,8;35,8;35,1;39,2;52,4;24,0;20,2;41,8;41,9;23,1;315260;111470;203790;28400;31580;2880;28410;53480;20270;8430;18910;203500;473;439;44;62;544000;185000;21000;119000;74000
Flevoland (PV);2006;370656;185120;185536;7,6;7,6;7,5;7,1;6,3;31,3;23,9;6,7;2,1;277024;93632;30048;63584;8795;6264;23278;5377;19870;74,7;25,3;8,1;17,2;2,4;1,7;6,3;1,5;5,4;43704;1431;1087;24467;11360;3271;7779;1843;4613;4220;1272;250;;;;;26,6;33,6;18,8;25,9;31,0;32,3;30,6;29,7;32,9;35,7;20,4;17,3;34,0;34,7;21,1;;;;;;;;;;;;;679;357;31;;207000;89000;14000;29000;23000
Flevoland (PV);2007;374424;186980;187444;7,4;7,6;7,3;7,1;6,2;30,6;24,7;6,8;2,1;278720;95704;30251;65453;9175;6395;24012;5543;20328;74,4;25,6;8,1;17,5;2,5;1,7;6,4;1,5;5,4;44089;1389;1111;25592;11163;3905;8065;1924;4761;4478;1308;189;;;;;27,4;34,7;19,3;26,3;32,3;34,1;31,6;31,5;34,5;40,8;21,1;18,1;36,2;37,0;21,9;30380;29480;900;4810;7290;830;6900;18300;13500;810;3070;.;716;364;32;34;210000;92000;15000;27000;24000
Flevoland (PV);2008;378688;189171;189517;7,2;7,6;7,2;7,1;6,3;30,0;25,4;6,9;2,2;280484;98204;30628;67576;9568;6509;24523;5706;21270;74,1;25,9;8,1;17,8;2,5;1,7;6,5;1,5;5,6;44089;1396;1257;25701;10879;4257;8282;2116;4588;4726;1232;212;2;14;56;29;28,8;36,6;20,3;27,5;33,8;36,0;33,3;33,8;36,0;48,6;22,1;18,9;39,2;39,9;22,9;30110;29170;950;4550;6980;890;6510;18360;12800;1230;3320;.;751;370;33;39;210000;90000;15000;25000;24000
Flevoland (PV);2009;383449;191912;191537;7,0;7,5;7,2;7,1;6,3;29,5;26,0;7,1;2,2;282177;101272;31343;69929;9870;6735;25084;5782;22458;73,6;26,4;8,2;18,2;2,6;1,8;6,5;1,5;5,9;44083;1323;1375;25679;11134;4402;8798;2317;4644;5868;1224;238;2;13;55;30;29,8;37,7;21,2;28,7;34,9;37,5;35,0;34,5;36,8;47,9;23,1;19,5;40,1;40,6;23,2;34470;33450;1030;7730;7840;960;7180;18650;12210;1630;3730;.;783;376;35;43;211000;91000;13000;27000;24000
Flevoland (PV);2010;387881;194185;193696;6,9;7,4;7,1;7,1;6,3;29,0;26,6;7,3;2,3;283492;104389;31987;72402;10120;6982;25758;5881;23661;73,1;26,9;8,2;18,7;2,6;1,8;6,6;1,5;6,1;43646;1355;1693;25928;11390;4296;9109;2300;4598;5013;1198;231;2;13;50;35;30,1;37,8;21,9;28,9;35,1;37,9;35,1;34,5;37,8;43,3;23,2;19,7;40,1;40,6;23,4;36140;35100;1040;7590;9290;1040;8480;18880;11550;2090;4080;.;777;382;36;48;198000;83000;10000;26000;23000
Flevoland (PV);2011;391967;196064;195903;6,8;7,3;7,2;7,0;6,3;28,5;27,1;7,5;2,3;284791;107176;32533;74643;10255;7082;26247;6043;25016;72,7;27,3;8,3;19,0;2,6;1,8;6,7;1,5;6,4;43396;1327;1884;26081;11551;4001;9281;2355;4450;5560;1259;299;2;12;51;35;30,5;38,1;22,3;28,9;35,6;38,3;35,7;34,6;38,0;45,3;23,0;19,6;40,4;40,7;23,3;37360;36260;1100;7860;9980;1100;9170;19050;10640;2740;4450;.;779;389;36;51;207000;84000;10000;27000;25000
Flevoland (PV);2012;395525;197783;197742;6,7;7,1;7,2;6,8;6,4;28,0;27,3;8,1;2,4;285768;109757;33430;76327;10509;7125;26634;6153;25906;72,3;27,7;8,5;19,3;2,7;1,8;6,7;1,6;6,5;43010;1296;1964;26383;11570;3640;9158;2196;4595;5512;1129;245;2;12;52;35;30,9;38,6;22,8;29,2;36,0;38,8;36,7;34,7;38,1;45,5;23,1;19,7;40,6;40,8;23,3;39650;38520;1130;9770;10350;1120;9400;19070;9820;3240;4770;.;801;395;37;52;205000;84000;11000;28000;23000
Flevoland (PV);2013;398441;199314;199127;6,6;6,9;7,3;6,8;6,3;27,7;27,5;8,5;2,4;286198;112243;34230;78013;10782;7211;27192;6197;26631;71,8;28,2;8,6;19,6;2,7;1,8;6,8;1,6;6,7;42397;1213;2035;26868;11866;3156;9599;2163;4827;5212;1126;239;2;12;54;32;31,0;38,6;23,0;29,0;36,0;38,9;36,8;34,5;38,2;43,8;23,2;19,7;40,5;40,6;23,1;86500;41070;45430;11760;11150;1130;10050;18920;9040;3750;4750;45370;816;396;37;54;196000;81000;8000;27000;22000
Flevoland (PV);2014;399893;199950;199943;6,4;6,8;7,2;6,8;6,3;27,2;27,8;9,0;2,5;286011;113882;34784;79098;10937;7285;27351;6285;27240;71,5;28,5;8,7;19,8;2,7;1,8;6,8;1,6;6,8;41898;1159;1983;27218;12532;2436;9793;2156;4831;4824;1252;233;2;12;55;32;31,5;39,2;23,4;29,1;36,5;39,7;38,0;35,0;39,0;44,6;23,4;20,1;41,0;41,1;23,3;88510;41230;47280;11230;11730;1160;10530;18980;8370;4090;5020;47220;804;396;38;56;199000;80000;8000;29000;21000
Flevoland (PV);2015;401791;200949;200842;6,3;6,7;7,1;6,7;6,3;26,7;28,1;9,4;2,5;285649;116142;35860;80282;11134;7228;27441;6354;28125;71,1;28,9;8,9;20,0;2,8;1,8;6,8;1,6;7,0;41463;1100;1944;27730;12329;2330;9830;2188;4945;4572;1210;273;2;12;55;31;32,2;40,0;23,9;29,2;36,7;40,5;39,2;36,2;39,8;49,1;24,2;20,6;42,6;42,8;23,5;89710;40740;48970;10580;12020;1170;10760;18830;7790;4350;5040;48910;805;398;37;58;202000;77000;8000;30000;21000
Gelderland (PV);2006;1975704;974987;1000717;6,1;6,3;6,3;6,2;5,7;28,2;26,7;10,9;3,5;1704206;271498;148315;123183;18941;8209;11024;37636;47373;86,3;13,7;7,5;6,2;1,0;0,4;0,6;1,9;2,4;194791;5874;9375;114889;43656;17949;40126;21777;21753;18702;6603;3362;;;;;25,8;32,9;17,7;25,6;30,0;31,7;30,9;30,2;33,5;41,7;21,4;17,5;35,4;36,1;21,9;;;;;;;;;;;;;442;404;38;;1046000;414000;58000;203000;147000
Gelderland (PV);2007;1979059;976475;1002584;6,0;6,4;6,3;6,3;5,7;27,6;27,2;11,0;3,6;1707081;271978;148429;123549;19215;8267;11012;37941;47114;86,3;13,7;7,5;6,2;1,0;0,4;0,6;1,9;2,4;195353;5757;9780;118113;42812;20404;40900;21838;21859;19386;6557;3054;;;;;26,5;34,0;18,2;26,4;31,2;33,0;31,7;31,7;34,9;45,1;22,1;18,1;37,2;37,8;22,5;147690;144390;3300;21480;33100;2920;30260;93950;63860;2980;22370;.;450;411;39;47;1065000;417000;54000;206000;151000
Gelderland (PV);2008;1983869;978683;1005186;5,8;6,4;6,2;6,3;5,8;27,0;27,6;11,2;3,7;1709026;274843;149516;125327;19468;8349;11062;38258;48190;86,1;13,9;7,5;6,3;1,0;0,4;0,6;1,9;2,4;195741;5662;9899;117761;41926;22233;42244;22863;21607;20074;6501;3081;1;18;46;34;27,7;35,6;19,1;27,6;32,8;34,6;32,9;34,0;36,6;52,9;22,9;19,2;40,1;40,9;23,5;144370;140880;3490;19450;31830;3130;28750;92950;59880;4530;23700;.;447;417;40;50;1054000;412000;56000;201000;150000
Gelderland (PV);2009;1991062;982641;1008421;5,6;6,4;6,2;6,3;5,8;26,4;28,0;11,5;3,8;1712161;278901;151076;127825;19702;8490;11127;38696;49810;86,0;14,0;7,6;6,4;1,0;0,4;0,6;1,9;2,5;194532;5649;10166;118225;42780;21823;44346;24194;21569;25118;6767;3344;1;17;46;36;28,7;36,7;19,9;28,9;34,1;36,0;34,0;34,6;37,3;51,4;24,1;19,7;40,9;41,3;23,8;159390;155730;3660;30420;35030;3320;31150;93510;56440;6210;25760;.;453;422;41;55;1032000;402000;49000;210000;141000
Gelderland (PV);2010;1998936;986919;1012017;5,5;6,3;6,2;6,4;5,9;25,8;28,3;11,7;3,9;1715926;283010;151951;131059;20017;8739;11181;39098;52024;85,8;14,2;7,6;6,6;1,0;0,4;0,6;2,0;2,6;192223;5649;10601;118384;43682;21705;45770;25329;21443;22085;6933;3407;1;17;46;36;29,1;37,0;20,6;29,2;34,5;36,6;34,4;34,7;38,4;47,0;24,4;19,9;41,1;41,2;23,9;162070;158510;3560;30310;37650;3560;33380;93110;52330;7950;27330;.;458;428;42;59;1010000;385000;48000;202000;140000
Gelderland (PV);2011;2004671;989383;1015288;5,4;6,1;6,3;6,3;6,0;25,3;28,6;11,9;4,0;1719263;285408;153084;132324;20328;8817;11307;39302;52570;85,8;14,2;7,6;6,6;1,0;0,4;0,6;2,0;2,6;188833;5566;10753;119587;43682;20866;46718;25806;21044;21960;7232;3870;1;16;46;36;29,4;37,3;21,0;29,3;35,0;37,1;34,9;34,6;38,4;48,0;24,2;19,8;41,1;41,2;23,7;163780;159950;3840;30780;39110;3840;34930;92560;47700;10070;28950;.;463;435;42;62;1019000;382000;48000;211000;139000
Gelderland (PV);2012;2010745;992668;1018077;5,3;6,0;6,4;6,2;6,0;24,8;28,5;12,5;4,2;1721876;288869;154193;134676;20618;8944;11400;39528;54186;85,6;14,4;7,7;6,7;1,0;0,4;0,6;2,0;2,7;185124;5373;10935;121517;43780;19819;46721;25801;21924;23206;6632;3540;1;16;46;36;29,8;37,7;21,4;29,6;35,6;37,6;35,5;34,5;38,4;47,1;24,2;19,8;41,1;41,0;23,7;175090;171330;3760;40850;41160;3740;36780;92120;43330;12140;30620;.;469;441;43;64;992000;375000;44000;209000;129000
Gelderland (PV);2013;2015791;995180;1020611;5,3;5,8;6,4;6,2;6,1;24,4;28,5;13,1;4,3;1724300;291491;154961;136530;20912;9007;11432;39691;55488;85,5;14,5;7,7;6,8;1,0;0,4;0,6;2,0;2,8;181207;5137;10848;123325;45048;16405;49165;26589;22350;22291;6990;3565;1;16;46;37;30,1;38,0;21,7;29,5;36,0;38,1;36,0;34,8;38,7;47,9;24,5;20,0;41,6;41,5;23,6;541260;182040;359230;49940;45490;3690;40490;89780;39570;13790;29710;359030;472;444;43;65;954000;353000;39000;203000;125000
Gelderland (PV);2014;2019692;997850;1021842;5,1;5,7;6,4;6,2;6,2;23,9;28,6;13,6;4,3;1725830;293862;155060;138802;21211;9163;11479;39707;57242;85,5;14,5;7,7;6,9;1,1;0,5;0,6;2,0;2,8;177448;4984;10866;124929;45979;13607;49668;27298;22895;20867;7154;3781;1;16;47;36;30,5;38,5;22,1;29,5;36,4;38,8;37,0;34,9;39,3;47,0;24,5;20,1;41,7;41,6;23,6;553350;184500;368850;49450;48010;3770;42640;90300;36270;15240;31340;368650;473;444;43;65;962000;328000;37000;230000;125000
Gelderland (PV);2015;2026578;1001922;1024656;5,1;5,5;6,3;6,2;6,2;23,5;28,8;14,0;4,5;1728623;297955;156267;141688;21498;9330;11572;39564;59724;85,3;14,7;7,7;7,0;1,1;0,5;0,6;2,0;2,9;174490;4510;10247;126383;46272;13219;49432;28000;23466;19284;7325;3595;1;16;48;35;31,1;39,2;22,6;29,6;36,9;39,5;38,0;36,4;40,3;53,2;25,0;20,8;43,6;43,7;23,9;560150;183070;377080;46550;50370;3850;44650;89220;33330;16260;31140;376850;475;446;42;66;964000;311000;39000;231000;126000
Utrecht (PV);2006;1180039;576277;603762;6,7;6,3;6,0;6,1;6,5;30,7;24,9;9,4;3,3;952793;227246;96263;130983;43830;7755;18001;24746;36651;80,7;19,3;8,2;11,1;3,7;0,7;1,5;2,1;3,1;116662;3010;4833;66016;22566;8508;29073;25205;11864;9191;4823;3760;;;;;29,6;37,7;20,9;28,7;35,1;36,7;34,6;32,6;35,9;44,3;22,5;19,2;39,0;39,9;22,9;;;;;;;;;;;;;463;369;31;;667000;290000;54000;95000;73000
Utrecht (PV);2007;1190604;581749;608855;6,6;6,4;6,0;6,2;6,6;30,2;25,3;9,5;3,4;958963;231641;97572;134069;44889;7844;18217;25170;37949;80,5;19,5;8,2;11,3;3,8;0,7;1,5;2,1;3,2;118367;2947;5147;67738;21867;9502;30235;25644;11956;9487;4811;3438;;;;;30,6;39,0;21,6;29,6;36,9;38,4;35,6;34,3;37,4;48,5;23,2;20,1;41,2;42,0;23,8;84970;82080;2900;11620;19320;2720;17560;53600;38720;1990;10940;.;464;373;32;38;685000;294000;52000;99000;78000
Utrecht (PV);2008;1201350;587012;614338;6,5;6,5;5,9;6,2;6,6;29,8;25,6;9,6;3,4;965151;236199;99038;137161;45850;7904;18362;25491;39554;80,3;19,7;8,2;11,4;3,8;0,7;1,5;2,1;3,3;119954;2911;5286;67529;21184;10326;30760;26181;11929;9747;5056;3545;0;12;55;33;32,0;40,9;22,7;31,0;38,8;40,3;37,1;36,9;39,3;57,2;24,2;21,2;44,6;45,7;24,9;82240;79120;3120;9870;18230;2970;16420;52900;36280;3140;11420;.;472;376;32;42;677000;293000;50000;95000;79000
Utrecht (PV);2009;1210869;591859;619010;6,4;6,5;5,9;6,1;6,7;29,3;25,8;9,7;3,5;969555;241314;100569;140745;46909;7983;18482;25825;41546;80,1;19,9;8,3;11,6;3,9;0,7;1,5;2,1;3,4;120772;2872;5365;68046;21450;10655;32068;27161;11716;11765;5136;3641;0;11;54;35;33,2;42,3;23,8;32,5;40,7;41,8;38,4;37,7;40,1;55,3;25,4;21,8;45,6;46,1;25,2;90250;86910;3340;16240;19550;3170;17500;52950;34190;4480;12110;.;483;380;33;47;658000;288000;45000;97000;74000
Utrecht (PV);2010;1220910;596784;624126;6,3;6,5;5,9;6,1;6,8;28,8;26,1;9,9;3,5;974688;246222;102279;143943;48051;8082;18582;26185;43043;79,8;20,2;8,4;11,8;3,9;0,7;1,5;2,1;3,5;121269;2835;5329;69078;21538;11635;32457;27632;11729;10868;5104;3878;0;11;54;35;33,7;42,5;24,6;32,9;41,2;42,4;38,8;37,7;41,1;50,9;25,7;22,0;45,8;46,2;25,3;91970;88570;3400;16300;21000;3400;18800;52720;31800;5690;12790;.;484;384;34;51;646000;280000;42000;95000;72000
Utrecht (PV);2011;1228794;600525;628269;6,3;6,4;6,0;6,0;6,8;28,4;26,5;10,0;3,6;978228;250566;103873;146693;49118;8145;18576;26568;44286;79,6;20,4;8,5;11,9;4,0;0,7;1,5;2,2;3,6;121041;2800;5351;70545;21422;10984;32371;27489;11915;11596;5450;4109;0;11;53;36;34,0;42,7;25,1;32,8;41,6;42,9;39,2;37,6;41,2;50,8;25,4;21,7;45,7;45,9;25,1;93960;90370;3590;17510;21930;3590;19700;52370;29130;7380;13280;.;487;390;34;54;655000;280000;42000;98000;72000
Utrecht (PV);2012;1237117;605032;632085;6,2;6,3;6,1;5,9;6,8;28,0;26,4;10,6;3,7;981958;255159;105042;150117;50283;8227;18649;26805;46153;79,4;20,6;8,5;12,1;4,1;0,7;1,5;2,2;3,7;120632;2799;5222;72047;21722;9759;31745;26688;12071;11253;4878;3475;0;11;54;36;34,6;43,3;25,6;33,0;42,4;43,7;39,9;37,5;41,3;49,6;25,4;21,6;45,7;45,7;25,1;99350;95840;3510;22570;22810;3500;20700;52020;26690;8680;13850;.;490;394;35;55;644000;277000;39000;99000;66000
Utrecht (PV);2013;1245294;609345;635949;6,1;6,2;6,2;5,9;6,8;27,7;26,4;11,0;3,7;985675;259619;106274;153345;51183;8291;18690;27107;48074;79,2;20,8;8,5;12,3;4,1;0,7;1,5;2,2;3,9;119579;2792;5168;74271;22403;8251;33384;27429;12848;11249;4833;3589;0;10;53;36;34,9;43,6;26,0;32,9;42,9;44,3;40,4;37,9;41,6;50,7;25,7;21,8;46,2;46,4;25,1;291590;102480;189120;27480;25310;3460;22930;51450;24540;10030;13620;188960;499;396;34;55;621000;271000;34000;94000;64000
Utrecht (PV);2014;1253672;613674;639998;6,0;6,1;6,3;5,9;6,8;27,3;26,5;11,4;3,8;989711;263961;107593;156368;52153;8334;18722;27206;49953;78,9;21,1;8,6;12,5;4,2;0,7;1,5;2,2;4,0;118708;2741;5028;76125;22808;6697;34581;28400;13125;10276;4906;3753;0;10;54;36;35,5;44,4;26,6;33,0;43,7;45,4;41,8;38,2;42,5;49,8;25,9;22,0;46,6;46,8;25,2;298230;104010;194230;26910;27300;3310;24670;51540;22570;10960;14300;194080;497;395;34;55;631000;271000;34000;97000;64000
Utrecht (PV);2015;1263572;618888;644684;5,9;6,0;6,3;5,9;6,8;26,9;26,6;11,7;3,8;994230;269342;109388;159954;53096;8367;18809;27324;52358;78,7;21,3;8,7;12,7;4,2;0,7;1,5;2,2;4,1;117905;2690;4936;78324;23149;6377;34065;28157;13857;9650;5274;3808;0;10;54;35;36,3;45,2;27,2;33,1;44,2;46,6;43,3;39,9;43,6;56,1;26,5;22,7;48,9;49,3;25,7;303110;104160;198950;25790;29180;3150;26190;50840;20720;11780;14120;198800;500;394;34;56;630000;267000;34000;96000;64000
Noord-Holland (PV);2006;2606584;1281597;1324987;6,1;5,9;5,8;5,6;5,6;30,8;26,3;10,1;3,7;1916938;689646;273703;415943;87797;23039;97845;72942;134320;73,5;26,5;10,5;16,0;3,4;0,9;3,8;2,8;5,2;238478;7141;8970;137664;48221;19746;53696;38747;25033;20664;8701;6057;;;;;28,6;35,9;20,8;28,7;33,9;34,4;32,7;30,1;33,9;39,8;20,9;18,9;37,0;38,6;22,4;;;;;;;;;;;;;393;350;32;;1420000;737000;116000;159000;149000
Noord-Holland (PV);2007;2613070;1284716;1328354;6,0;6,0;5,7;5,7;5,7;30,3;26,7;10,2;3,7;1917043;696027;274707;421320;89551;23107;97777;73754;137131;73,4;26,6;10,5;16,1;3,4;0,9;3,7;2,8;5,2;239925;6684;9297;142225;48080;22661;54858;39731;25295;22092;8759;5442;;;;;29,6;37,2;21,6;29,6;35,8;36,0;33,8;31,6;35,4;42,8;21,6;19,6;39,0;40,4;23,3;230090;221410;8680;27020;63190;8190;58560;137340;104330;5040;21940;.;400;354;33;43;1439000;730000;122000;158000;151000
Noord-Holland (PV);2008;2626163;1291013;1335150;5,9;6,0;5,6;5,7;5,8;29,8;27,1;10,3;3,8;1917523;708640;280298;428342;91370;23467;98416;74550;140539;73,0;27,0;10,7;16,3;3,5;0,9;3,7;2,8;5,4;241382;6351;9329;141436;46654;23743;57270;42477;24882;22848;9053;5985;1;11;59;29;31,0;38,9;22,7;31,1;37,7;38,0;35,1;34,1;37,1;50,8;22,5;20,9;42,2;43,9;24,4;224250;215040;9210;24330;60970;8710;56100;134690;97500;7690;23290;.;413;358;34;49;1440000;727000;125000;159000;154000
Noord-Holland (PV);2009;2646445;1301903;1344542;5,8;6,0;5,6;5,7;5,9;29,3;27,3;10,5;3,8;1919568;726877;288186;438691;93177;23753;98969;75965;146827;72,5;27,5;10,9;16,6;3,5;0,9;3,7;2,9;5,5;242472;6300;9157;142313;48067;23424;60564;45409;24752;27557;9170;5721;1;11;58;30;32,2;40,2;23,7;32,4;39,6;39,6;36,3;34,8;37,9;49,3;23,6;21,4;43,2;44,3;24,8;243830;234060;9770;39490;64940;9300;59310;134540;91850;10640;25300;.;416;361;35;57;1397000;697000;126000;159000;147000
Noord-Holland (PV);2010;2669084;1313687;1355397;5,7;5,9;5,6;5,7;6,0;28,8;27,6;10,7;3,9;1924235;744849;294364;450485;95403;24129;99840;77302;153811;72,1;27,9;11,0;16,9;3,6;0,9;3,7;2,9;5,8;241203;6148;9041;144241;48431;24043;62394;47769;24552;24918;8752;7133;1;11;58;30;32,5;40,3;24,3;32,5;39,8;39,9;36,8;34,8;38,8;45,0;24,0;21,4;43,3;44,1;24,9;248470;238480;9990;38810;70250;9990;63950;133450;85430;13770;26870;.;413;364;36;63;1374000;686000;126000;151000;141000
Noord-Holland (PV);2011;2691477;1324310;1367167;5,7;5,8;5,7;5,7;6,2;28,4;27,8;10,8;3,9;1929489;761988;301226;460762;97418;24425;100369;78522;160028;71,7;28,3;11,2;17,1;3,6;0,9;3,7;2,9;5,9;240157;5961;9020;146714;49504;22357;63841;48481;24221;25114;9708;8124;1;10;58;30;32,8;40,6;24,7;32,4;40,3;40,5;37,1;34,7;38,8;45,4;23,8;21,2;43,3;43,9;24,7;252190;241460;10730;40730;72650;10730;66130;132010;77890;17650;28530;.;414;367;36;68;1397000;697000;127000;154000;141000
Noord-Holland (PV);2012;2709822;1333811;1376011;5,7;5,7;5,7;5,6;6,2;28,1;27,6;11,4;4,0;1932367;777455;307505;469950;99325;24765;100614;79550;165696;71,3;28,7;11,3;17,3;3,7;0,9;3,7;2,9;6,1;238588;5517;8856;150193;50347;20197;63313;46661;24955;26010;8469;6920;1;10;58;31;33,3;41,2;25,2;32,7;41,2;41,4;37,7;34,7;39,1;44,2;23,8;21,2;43,3;43,7;24,8;262050;251290;10760;51900;73430;10720;67400;130080;70730;21140;30080;.;415;371;37;70;1358000;690000;114000;156000;130000
Noord-Holland (PV);2013;2724300;1340874;1383426;5,6;5,6;5,8;5,5;6,3;27,8;27,5;11,9;4,0;1934847;789453;312725;476728;100996;24916;100422;80402;169992;71,0;29,0;11,5;17,5;3,7;0,9;3,7;3,0;6,2;236564;5207;9045;153077;51722;17439;67068;48696;25662;25743;9220;7125;1;10;59;30;33,7;41,4;25,7;32,7;41,7;42,0;38,1;35,1;39,5;45,4;24,2;21,4;43,9;44,4;24,9;710200;264410;445790;62100;79470;10690;72720;127470;64810;23910;29960;445460;416;372;37;72;1313000;679000;95000;148000;124000
Noord-Holland (PV);2014;2741369;1349648;1391721;5,5;5,5;5,8;5,5;6,3;27,5;27,5;12,4;4,0;1938295;803074;318728;484346;102670;25135;100412;80959;175170;70,7;29,3;11,6;17,7;3,7;0,9;3,7;3,0;6,4;235003;4933;9120;155758;52476;14422;67426;48942;26875;24370;10001;7667;1;10;60;29;34,2;42,1;26,2;32,8;42,4;43,1;39,2;35,3;40,3;44,7;24,2;21,6;44,2;44,7;25,0;723710;266810;456900;60650;83290;10770;75960;127500;59580;26190;31900;456560;414;371;37;73;1335000;679000;98000;151000;130000
Noord-Holland (PV);2015;2761929;1360069;1401860;5,4;5,5;5,7;5,5;6,3;27,2;27,6;12,7;4,1;1940018;821911;328324;493587;104469;25376;100000;81307;182435;70,2;29,8;11,9;17,9;3,8;0,9;3,6;2,9;6,6;233476;4790;8890;157855;52871;13580;66075;48244;28080;22008;10386;7253;1;10;61;29;35,0;43,0;26,8;33,1;43,2;44,3;40,5;37,0;41,4;50,7;24,7;22,4;46,5;47,3;25,6;728460;262090;466370;56670;85240;10760;77000;124410;54300;27910;31570;466000;413;370;37;74;1314000;671000;82000;146000;124000
Zuid-Holland (PV);2006;3458875;1703562;1755313;6,1;6,0;6,1;6,2;6,3;29,6;25,7;10,3;3,8;2554710;904165;315982;588183;99673;53151;141687;118748;174924;73,9;26,1;9,1;17,0;2,9;1,5;4,1;3,4;5,1;322794;9547;11456;192828;74459;29212;73790;50459;35611;30752;11785;6859;;;;;27,7;35,2;19,5;27,5;32,7;34,6;32,9;29,9;33,9;41,3;20,7;18,2;36,2;37,8;22,3;;;;;;;;;;;;;394;356;26;;1902000;1008000;211000;177000;175000
Zuid-Holland (PV);2007;3455097;1701319;1753778;6,0;6,0;6,0;6,2;6,2;29,2;26,2;10,4;3,9;2544613;910484;317020;593464;101524;53095;142258;120305;176282;73,6;26,4;9,2;17,2;2,9;1,5;4,1;3,5;5,1;322593;9075;11945;197556;74097;32435;75226;51217;35927;32510;11590;6969;;;;;28,5;36,3;20,1;28,3;34,2;36,0;33,9;31,5;35,3;45,0;21,5;19,0;38,1;39,7;23,1;270850;257920;12940;33940;94430;12490;88690;136180;98550;5460;27100;.;401;361;27;42;1873000;994000;179000;180000;179000
Zuid-Holland (PV);2008;3461435;1704710;1756725;5,8;6,0;5,9;6,2;6,3;28,7;26,6;10,5;3,9;2535931;925504;323073;602431;103250;53956;143140;122078;180007;73,3;26,7;9,3;17,4;3,0;1,6;4,1;3,5;5,2;323077;8767;12248;195689;72572;34202;78178;53124;35859;32868;12717;7120;2;14;51;33;29,8;38,0;21,1;29,7;35,9;37,5;35,4;33,8;37,0;53,6;22,4;20,1;41,1;43,0;24,1;262310;248190;14120;29860;89340;13660;83080;134300;91930;8300;28560;.;408;366;28;47;1885000;991000;190000;177000;186000
Zuid-Holland (PV);2009;3481558;1716204;1765354;5,8;6,0;5,9;6,2;6,4;28,3;26,9;10,6;4,0;2530617;950941;333045;617896;105315;55521;144469;124459;188132;72,7;27,3;9,6;17,7;3,0;1,6;4,1;3,6;5,4;322777;8317;12410;194784;73887;33322;81858;56083;34414;38044;12309;7251;2;13;50;35;31,0;39,4;22,0;30,9;37,6;39,2;36,8;34,4;37,9;50,7;23,4;20,6;41,9;43,3;24,5;289860;274870;14990;49110;95560;14520;88500;135460;86750;11600;31000;.;412;370;29;53;1879000;1004000;177000;178000;181000
Zuid-Holland (PV);2010;3505611;1729071;1776540;5,8;5,9;5,8;6,2;6,4;28,0;27,1;10,8;4,0;2529822;975789;341147;634642;107784;57350;146109;126872;196527;72,2;27,8;9,7;18,1;3,1;1,6;4,2;3,6;5,6;321674;8138;12436;195185;75961;32445;84639;58933;33826;34862;11694;8027;2;13;50;36;31,5;39,7;22,8;31,2;37,8;39,8;37,4;34,6;38,9;46,4;23,8;20,8;42,3;43,5;24,7;301640;286250;15390;51130;104310;15380;96600;135320;80750;14850;32800;.;414;374;29;59;1837000;974000;174000;177000;177000
Zuid-Holland (PV);2011;3528324;1740855;1787469;5,8;5,8;5,8;6,1;6,5;27,6;27,4;10,8;4,1;2528900;999424;349846;649578;110230;59185;147218;128875;204070;71,7;28,3;9,9;18,4;3,1;1,7;4,2;3,7;5,8;319714;7981;12847;196613;76092;31087;85956;59156;33679;36298;12116;9068;2;13;50;35;31,7;39,9;23,1;31,0;38,2;40,1;37,8;34,5;38,8;47,0;23,6;20,6;42,2;43,3;24,3;308050;291910;16140;54080;106760;16130;99140;135430;73600;19030;35040;.;417;378;30;63;1815000;956000;162000;176000;171000
Zuid-Holland (PV);2012;3552407;1753393;1799014;5,8;5,7;5,9;6,0;6,6;27,3;27,2;11,4;4,2;2527398;1025009;360842;664167;112968;60703;148305;130849;211342;71,1;28,9;10,2;18,7;3,2;1,7;4,2;3,7;5,9;317615;7638;12887;198696;77127;29474;85504;60242;34881;37205;11072;7895;2;13;50;36;32,3;40,5;23,6;31,2;38,9;40,9;38,5;34,3;38,9;45,6;23,6;20,6;42,1;43,1;24,3;324060;308250;15810;68380;108720;15760;101130;135860;66950;22840;37530;.;421;381;30;66;1773000;946000;149000;178000;162000
Zuid-Holland (PV);2013;3563935;1758081;1805854;5,8;5,7;5,9;5,9;6,6;27,0;27,1;11,9;4,2;2524096;1039839;366905;672934;115019;61350;148534;131850;216181;70,8;29,2;10,3;18,9;3,2;1,7;4,2;3,7;6,1;315629;7291;13428;200440;79455;25323;88598;62926;35011;36346;11069;8348;2;13;50;36;32,6;40,9;24,0;31,2;39,4;41,3;39,1;34,6;39,2;46,9;23,9;20,7;42,6;43,7;24,2;916540;328030;588520;81790;116610;15720;108230;134840;61160;26070;37400;588020;420;382;31;67;1691000;908000;138000;169000;147000
Zuid-Holland (PV);2014;3577032;1764927;1812105;5,7;5,6;5,9;5,9;6,6;26,7;27,1;12,3;4,3;2521963;1055069;373121;681948;117312;61902;148805;132551;221378;70,5;29,5;10,4;19,1;3,3;1,7;4,2;3,7;6,2;314043;7153;13512;202772;81166;20888;89423;63709;36147;35248;11520;8259;2;12;51;35;33,1;41,5;24,4;31,3;39,9;42,3;40,3;34,9;40,0;46,0;23,9;21,0;42,8;44,1;24,3;939110;336720;602380;80980;124140;15940;114620;137080;56130;28960;40340;601880;418;382;30;68;1701000;913000;137000;174000;141000
Zuid-Holland (PV);2015;3600011;1776412;1823599;5,6;5,6;5,8;5,9;6,6;26,4;27,1;12,6;4,3;2521950;1078061;383588;694473;119386;63060;149352;133094;229581;70,1;29,9;10,7;19,3;3,3;1,8;4,1;3,7;6,4;314273;6857;13259;204639;81072;19576;89139;65290;36814;32428;11966;8361;2;12;52;34;33,7;42,1;24,9;31,4;40,4;43,1;41,3;36,3;41,0;52,3;24,4;21,6;44,7;46,3;24,7;952350;338390;613960;77990;129920;15960;118960;135780;51440;30760;40080;613430;417;381;30;69;1708000;903000;140000;173000;141000
Zeeland (PV);2006;380186;188208;191978;5,6;6,2;6,2;5,8;5,0;26,1;27,9;12,3;4,8;323375;56811;39313;17498;2075;1758;2486;3178;8001;85,1;14,9;10,3;4,6;0,5;0,5;0,7;0,8;2,1;35940;884;994;21283;7987;4472;5372;967;4115;3611;983;117;;;;;25,0;32,4;16,5;25,2;29,0;31,7;30,7;28,9;32,3;39,6;21,0;17,1;34,1;33,7;20,4;;;;;;;;;;;;;446;424;38;;275000;96000;18000;44000;31000
Zeeland (PV);2007;380497;188485;192012;5,5;6,1;6,2;5,8;5,0;25,7;28,3;12,5;4,9;323336;57161;39582;17579;2119;1803;2499;3179;7979;85,0;15,0;10,4;4,6;0,6;0,5;0,7;0,8;2,1;35718;885;1020;21957;7892;4890;5328;1044;4256;3982;884;104;;;;;25,7;33,4;16,9;25,9;30,1;32,8;31,5;30,2;33,6;42,8;21,5;17,9;35,8;35,3;20,9;25450;24910;540;3720;5660;480;5050;16270;11230;590;3440;.;454;432;40;50;286000;97000;19000;45000;33000
Zeeland (PV);2008;380585;188656;191929;5,3;6,1;6,1;5,9;5,0;25,4;28,6;12,7;5,0;323074;57511;39964;17547;2121;1828;2495;3176;7927;84,9;15,1;10,5;4,6;0,6;0,5;0,7;0,8;2,1;35282;882;1088;21909;7695;5175;5514;1099;4240;4119;954;120;2;21;44;33;26,8;34,9;17,7;27,0;31,7;34,3;32,5;32,5;35,0;51,1;22,5;19,1;38,6;38,1;22,0;24670;24110;560;3480;5160;520;4610;16040;10520;900;3580;.;464;441;41;54;277000;94000;19000;43000;32000
Zeeland (PV);2009;380984;188965;192019;5,2;6,0;6,2;5,9;5,0;24,8;28,9;13,0;5,0;322729;58255;40423;17832;2171;1835;2505;3210;8111;84,7;15,3;10,6;4,7;0,6;0,5;0,7;0,8;2,1;34754;919;1140;21865;7857;5434;5731;1175;4232;4980;916;95;2;20;44;34;27,8;36,1;18,5;28,3;32,8;35,4;34,1;33,2;35,8;49,3;23,8;19,7;39,4;38,4;21,9;27090;26490;600;4940;5920;540;5310;16210;10010;1230;3810;.;473;449;43;57;282000;94000;18000;44000;30000
Zeeland (PV);2010;381409;189184;192225;5,1;5,9;6,1;6,0;4,9;24,4;29,1;13,4;5,2;322286;59123;40943;18180;2206;1853;2498;3220;8403;84,5;15,5;10,7;4,8;0,6;0,5;0,7;0,8;2,2;33922;913;1204;21868;7984;5235;5814;1174;4050;4278;955;119;2;20;44;34;28,2;36,5;19,1;28,6;33,2;35,9;34,8;33,4;36,9;45,7;24,3;19,8;39,7;38,5;22,3;27420;26840;580;4830;6400;580;5800;16080;9250;1560;3950;.;480;457;44;60;280000;94000;18000;41000;32000
Zeeland (PV);2011;381530;189184;192346;5,0;5,7;6,2;5,8;5,0;23,9;29,2;13,7;5,3;321601;59929;41236;18693;2271;1849;2524;3258;8791;84,3;15,7;10,8;4,9;0,6;0,5;0,7;0,9;2,3;33172;922;1261;21990;7828;5192;5874;1108;4145;4713;921;127;2;20;45;33;28,5;36,8;19,4;28,7;33,7;36,4;35,1;33,3;37,0;47,1;24,1;19,7;39,8;38,5;22,2;27270;26660;610;4930;6250;610;5670;15920;8490;1890;4070;.;487;464;45;63;285000;93000;19000;42000;31000
Zeeland (PV);2012;381407;189181;192226;5,0;5,6;6,2;5,9;5,0;23,5;29,0;14,5;5,4;320609;60798;41941;18857;2343;1840;2530;3235;8909;84,1;15,9;11,0;4,9;0,6;0,5;0,7;0,8;2,3;32416;901;1302;22028;7723;4374;5889;1072;4216;4477;843;89;2;21;44;33;29,0;37,4;19,8;29,1;34,4;37,1;35,7;33,3;37,2;46,4;24,1;19,7;40,0;38,6;22,1;28350;27760;580;5940;6710;580;6100;15620;7680;2180;4200;.;495;471;46;64;276000;93000;15000;42000;29000
Zeeland (PV);2013;381077;188882;192195;5,0;5,4;6,1;5,8;5,0;23,1;28,9;15,1;5,4;319447;61630;42801;18829;2293;1826;2535;3233;8942;83,8;16,2;11,2;4,9;0,6;0,5;0,7;0,8;2,3;31654;853;1373;22015;7914;3527;6226;1080;4161;4088;893;122;2;20;44;33;29,3;37,8;20,2;29,3;34,8;37,5;36,2;33,7;37,4;47,4;24,5;20,0;40,4;39,0;22,2;109160;29400;79760;7470;7380;610;6780;15090;6940;2440;3910;79740;500;476;46;64;262000;91000;14000;39000;27000
Zeeland (PV);2014;380621;188674;191947;4,9;5,3;6,1;5,8;5,1;22,7;28,9;15,7;5,5;317864;62757;43574;19183;2280;1856;2557;3192;9298;83,5;16,5;11,4;5,0;0,6;0,5;0,7;0,8;2,4;30879;827;1428;21940;7994;3182;6216;1115;4257;3865;962;125;2;20;44;34;29,9;38,7;20,6;29,6;35,5;38,6;37,5;34,0;38,1;47,6;24,4;20,2;40,8;39,5;22,1;111440;29860;81580;7560;7860;640;7200;14990;6350;2630;4050;81550;503;479;46;64;268000;90000;14000;43000;27000
Zeeland (PV);2015;380726;188718;192008;4,9;5,2;6,0;5,8;5,1;22,3;29,0;16,2;5,6;316723;64003;44403;19600;2292;1868;2542;3168;9730;83,2;16,8;11,7;5,1;0,6;0,5;0,7;0,8;2,6;30385;758;1396;21928;7932;2871;6350;1242;4430;3696;974;113;2;19;46;33;30,3;39,2;20,9;29,9;36,2;39,0;38,2;35,3;39,2;52,8;24,9;20,9;42,6;41,2;22,5;113130;30350;82780;7600;8520;660;7750;14770;5830;2740;4060;82750;506;482;46;66;270000;89000;14000;42000;26000
Noord-Brabant (PV);2006;2415946;1205186;1210760;5,8;6,1;6,2;6,0;5,7;28,7;27,2;11,1;3,1;2051305;364641;188229;176412;36581;14350;18725;47771;58985;84,9;15,1;7,8;7,3;1,5;0,6;0,8;2,0;2,4;228254;7064;9987;138780;48192;22708;54398;21872;25830;21428;9012;3298;;;;;26,2;33,5;17,7;26,5;30,6;32,3;31,2;30,7;34,4;41,0;21,5;17,8;35,8;36,5;21,8;;;;;;;;;;;;;478;419;36;;1408000;478000;99000;214000;181000
Noord-Brabant (PV);2007;2419042;1206775;1212267;5,7;6,1;6,1;6,1;5,7;28,2;27,6;11,3;3,3;2051125;367917;189585;178332;37301;14310;18769;48360;59592;84,8;15,2;7,8;7,4;1,5;0,6;0,8;2,0;2,5;228016;6950;10317;141924;47191;25707;54923;21810;26368;22583;9071;2994;;;;;27,0;34,6;18,2;27,3;32,1;33,6;32,0;32,2;35,7;44,9;22,2;18,5;37,7;38,4;22,4;183210;178880;4330;29200;38020;3870;34520;116650;83750;4470;21810;.;486;426;37;46;1446000;480000;99000;222000;186000
Noord-Brabant (PV);2008;2424827;1209825;1215002;5,5;6,1;6,0;6,1;5,7;27,6;28,0;11,5;3,4;2051295;373532;192684;180848;37757;14400;18749;48795;61147;84,6;15,4;7,9;7,5;1,6;0,6;0,8;2,0;2,5;227043;6803;10721;140571;46888;27111;56116;22373;26331;23235;9144;3121;1;21;50;28;28,2;36,2;19,2;28,8;33,8;35,2;33,0;34,5;37,4;53,1;23,1;19,6;40,7;41,5;23,5;178860;174110;4750;26750;36880;4310;33220;114430;78210;6540;22720;.;496;433;38;50;1405000;489000;90000;215000;186000
Noord-Brabant (PV);2009;2434560;1215158;1219402;5,4;6,0;6,0;6,1;5,8;27,0;28,3;11,8;3,5;2052029;382531;196982;185549;38568;14576;18878;49430;64097;84,3;15,7;8,1;7,6;1,6;0,6;0,8;2,0;2,6;224935;6596;10933;140310;48731;28684;59510;23263;25626;30620;9065;3076;1;20;49;30;29,2;37,5;20,0;30,1;35,2;36,7;34,4;35,1;38,3;50,8;24,2;20,1;41,5;41,8;23,8;199430;194380;5050;42950;41360;4610;37110;114170;73530;8950;24300;.;504;438;39;54;1379000;469000;84000;208000;179000
Noord-Brabant (PV);2010;2444158;1219904;1224254;5,3;5,9;6,0;6,2;5,8;26,5;28,6;12,1;3,6;2053692;390466;199721;190745;39255;14884;18972;50103;67531;84,0;16,0;8,2;7,8;1,6;0,6;0,8;2,0;2,8;222129;6369;11086;140793;49651;27276;62073;23993;25582;26638;9428;3623;1;19;49;30;29,7;37,9;20,7;30,4;35,7;37,3;34,8;35,2;39,3;46,5;24,6;20,3;41,7;41,8;23,8;201010;196000;5010;41920;44470;5010;39830;112880;67800;11540;25530;.;507;444;40;59;1351000;453000;77000;197000;178000
Noord-Brabant (PV);2011;2454215;1225173;1229042;5,3;5,8;6,0;6,1;5,9;26,0;28,8;12,3;3,8;2055466;398749;203428;195321;39941;15176;19018;50590;70596;83,8;16,2;8,3;8,0;1,6;0,6;0,8;2,1;2,9;219047;6027;11225;141516;49496;25580;63941;24232;25710;26276;9903;4166;1;19;49;30;30,0;38,1;21,0;30,3;36,2;37,8;35,3;35,1;39,2;47,6;24,5;20,1;41,6;41,7;23,6;201020;195750;5270;42480;44380;5260;39780;112130;62390;14530;26630;.;515;451;41;63;1360000;449000;74000;203000;176000
Noord-Brabant (PV);2012;2463686;1229968;1233718;5,2;5,6;6,1;6,0;6,0;25,5;28,8;12,8;3,9;2057362;406324;207750;198574;40504;15344;19054;50854;72818;83,5;16,5;8,4;8,1;1,6;0,6;0,8;2,1;3,0;215635;5717;11123;142189;49760;23752;64993;23418;25657;25850;9573;3573;1;19;49;30;30,4;38,7;21,4;30,6;37,0;38,6;35,9;35,1;39,3;46,8;24,5;20,2;41,7;41,7;23,7;212740;207640;5110;53460;46560;5090;42060;110940;57000;17040;27890;.;521;457;41;65;1302000;436000;61000;201000;165000
Noord-Brabant (PV);2013;2471011;1234038;1236973;5,2;5,5;6,1;6,0;6,0;25,2;28,8;13,3;4,1;2057530;413481;211565;201916;41130;15450;19126;51043;75167;83,3;16,7;8,6;8,2;1,7;0,6;0,8;2,1;3,0;211910;5419;11262;143418;51630;20476;67716;23586;26076;25413;9634;3626;1;19;50;30;30,8;39,1;21,8;30,6;37,6;39,2;36,4;35,4;39,6;48,0;24,8;20,3;42,3;42,2;23,7;660750;219140;441610;64090;51410;4980;46310;107230;52010;19130;26070;441400;522;461;41;65;1237000;412000;54000;193000;155000
Noord-Brabant (PV);2014;2479274;1238668;1240606;5,0;5,4;6,0;6,0;6,1;24,8;28,8;13,7;4,2;2057780;421494;216125;205369;41673;15510;19220;50985;77981;83,0;17,0;8,7;8,3;1,7;0,6;0,8;2,1;3,1;208700;5175;11274;144551;52524;16522;69232;23534;27316;23768;10477;3704;1;19;51;29;31,3;39,7;22,3;30,7;38,2;40,0;37,5;35,6;40,3;47,0;24,8;20,5;42,5;42,5;23,7;674340;220390;453940;62570;54170;4960;48600;107310;47710;21190;27480;453720;524;462;41;66;1244000;399000;53000;206000;154000
Noord-Brabant (PV);2015;2488751;1243856;1244895;5,0;5,3;5,9;6,0;6,1;24,4;28,9;14,1;4,3;2057428;431323;220807;210516;42094;15753;19202;50596;82871;82,7;17,3;8,9;8,5;1,7;0,6;0,8;2,0;3,3;206322;4790;10895;144952;52248;15731;68293;24531;27640;22261;10610;3870;1;18;52;28;31,9;40,4;22,7;30,8;38,7;40,9;38,7;37,0;41,4;53,1;25,4;21,2;44,5;44,6;24,0;683930;219420;464510;60440;57180;4910;51230;105330;43760;22370;27210;464290;526;464;41;67;1234000;379000;52000;209000;153000
Limburg (PV);2006;1131938;561127;570811;4,9;5,5;5,9;6,0;5,3;26,8;29,4;12,7;3,7;910280;221658;162604;59054;16463;3479;2989;11781;24342;80,4;19,6;14,4;5,2;1,5;0,3;0,3;1,0;2,2;95745;3127;4194;60184;23890;8908;21239;10043;11896;9739;3461;1509;;;;;24,3;30,8;17,0;24,7;28,2;29,5;28,7;28,4;32,8;38,5;20,5;16,9;33,3;33,8;20,4;;;;;;;;;;;;;450;430;36;;600000;199000;35000;94000;89000
Limburg (PV);2007;1127805;558886;568919;4,7;5,5;5,7;6,0;5,3;26,1;30,0;12,9;3,8;907369;220436;161289;59147;16506;3481;2998;11811;24351;80,5;19,5;14,3;5,2;1,5;0,3;0,3;1,0;2,2;93983;3132;4507;60774;23708;10882;21491;10151;11800;9974;3552;1322;;;;;24,8;31,6;17,3;25,1;29,0;30,6;29,4;29,7;34,0;41,3;21,3;17,5;35,0;35,3;21,0;114000;112050;1960;18800;25930;1660;23680;70640;49930;2960;13630;.;457;438;37;51;620000;200000;37000;94000;91000
Limburg (PV);2008;1123705;556603;567102;4,6;5,4;5,6;6,0;5,4;25,4;30,4;13,2;4,0;903980;219725;160232;59493;16508;3516;3031;11883;24555;80,4;19,6;14,3;5,3;1,5;0,3;0,3;1,1;2,2;91968;3154;4690;59810;23547;11710;22186;12309;11642;10997;3595;1326;2;20;46;32;25,8;32,8;18,1;26,3;30,3;31,8;30,3;31,4;35,2;48,2;22,2;18,4;37,2;37,5;21,8;111470;109310;2160;16900;25240;1860;22830;69790;47040;4400;14220;.;466;445;38;55;610000;200000;38000;91000;92000
Limburg (PV);2009;1122604;556268;566336;4,4;5,3;5,6;6,0;5,5;24,7;30,8;13,5;4,1;901694;220910;160191;60719;16458;3634;3040;11985;25602;80,3;19,7;14,3;5,4;1,5;0,3;0,3;1,1;2,3;90214;3116;5001;58911;24033;11300;23246;12471;11011;14712;3678;1256;2;19;46;33;26,7;33,8;19,0;27,4;31,5;33,1;31,5;32,1;36,1;46,2;23,2;18,9;38,1;38,0;22,0;121350;119050;2300;23360;28110;2030;25340;70110;44450;6170;15220;.;473;452;39;59;603000;192000;34000;91000;90000
Limburg (PV);2010;1122701;556598;566103;4,3;5,2;5,5;5,9;5,7;24,1;31,1;13,8;4,3;899855;222846;160286;62560;16655;3729;3073;12087;27016;80,2;19,8;14,3;5,6;1,5;0,3;0,3;1,1;2,4;87814;3050;5195;58742;23957;11411;23995;12618;11067;11636;3581;1579;2;19;46;34;27,3;34,4;19,6;27,8;32,1;33,9;32,3;32,4;37,2;43,8;23,5;19,2;38,6;38,4;22,2;119590;117350;2240;20990;29120;2240;26120;69200;40990;7900;15860;.;478;458;40;63;576000;175000;33000;85000;88000
Limburg (PV);2011;1122627;556638;565989;4,3;5,0;5,5;5,8;5,8;23,6;31,4;14,1;4,5;897514;225113;161223;63890;16749;3770;3069;12148;28154;79,9;20,1;14,4;5,7;1,5;0,3;0,3;1,1;2,5;85132;2953;5425;58255;23574;11085;24634;13232;10711;11394;3918;2041;2;18;46;33;27,6;34,7;20,1;28,0;32,7;34,4;32,9;32,4;37,2;45,0;23,4;19,0;38,7;38,4;22,0;118750;116320;2430;20230;29120;2420;26160;68950;37800;9730;16610;.;486;465;41;67;581000;172000;35000;87000;86000
Limburg (PV);2012;1123075;556888;566187;4,3;4,8;5,5;5,7;6,0;23,2;31,3;14,6;4,6;894926;228149;162854;65295;16795;3893;3093;12249;29265;79,7;20,3;14,5;5,8;1,5;0,3;0,3;1,1;2,6;82581;2771;5563;58083;23306;9632;24322;13916;10693;11566;3753;2137;2;18;46;34;28,1;35,2;20,5;28,3;33,4;35,1;33,5;32,5;37,4;44,3;23,4;19,1;38,9;38,5;22,1;122810;120510;2300;24780;29480;2280;26630;68380;34580;11170;17330;.;493;471;42;69;556000;161000;31000;88000;82000
Limburg (PV);2013;1121891;556461;565430;4,2;4,6;5,5;5,6;6,0;22,8;31,3;15,1;4,8;891823;230068;163531;66537;16864;4026;3127;12305;30215;79,5;20,5;14,6;5,9;1,5;0,4;0,3;1,1;2,7;80255;2620;5656;58044;23860;7902;24584;13497;10837;11364;3651;1841;2;18;47;34;28,4;35,5;20,8;28,4;34,0;35,7;34,0;32,7;37,5;45,7;23,7;19,3;39,4;39,0;22,0;351610;123610;228000;28590;31220;2250;28380;66050;31550;12670;15890;227870;496;475;42;70;535000;158000;27000;86000;76000
Limburg (PV);2014;1120006;555488;564518;4,2;4,5;5,4;5,6;6,0;22,5;31,3;15,6;5,0;888168;231838;163748;68090;17006;4100;3128;12267;31589;79,3;20,7;14,6;6,1;1,5;0,4;0,3;1,1;2,8;78126;2438;5485;57756;24117;5659;24696;13055;10865;10136;3798;1825;2;17;48;33;28,8;36,0;21,2;28,5;34,4;36,2;34,8;32,9;38,2;44,7;23,7;19,4;39,6;39,2;22,0;358400;124590;233810;28880;31990;2320;29070;66030;28840;13760;16660;233680;498;476;42;71;547000;156000;24000;97000;73000
Limburg (PV);2015;1117941;554650;563291;4,1;4,4;5,3;5,6;6,0;22,1;31,2;16,1;5,1;884372;233569;163643;69926;17036;4136;3140;12197;33417;79,1;20,9;14,6;6,3;1,5;0,4;0,3;1,1;3,0;76927;2298;5140;57317;23529;4989;24243;12964;10943;8964;3797;1672;2;17;49;32;29,3;36,6;21,7;28,6;34,9;36,9;35,9;34,0;39,3;49,6;24,2;20,0;41,2;40,8;22,4;361430;123260;238170;27510;32930;2460;29910;64980;26390;14210;16500;238040;501;480;42;73;546000;154000;22000;100000;72000
Bron: CBS;;;;;;;;;;;;;;;;;;;;;;;;;;;;;;;;;;;;;;;;;;;;;;;;;;;;;;;;;;;;;;;;;;;;;;;;;;;;;;;;;;;
